"Server Name","Alt Name","Guild ID","Invite URL",Region,"Icon URL",Boosts,Members,Online,Messages,"Hourly Activity","Badge Color Primary","Badge Color Secondary"
"Spacefleet Alliance",SFA,454867033729794069,https://discord.gg/EEpZuWf,en,https://cdn.discordapp.com/icons/454867033729794069/a_19437f336964d32591c6905c831b0d90.gif,7,1488,119,6010,"[226,222,227,206,215,137,142,151,95,134,111,166,344,315,346,314,362,327,397,317,389,341,245,281]",#d14242,#ff8989
"United Industries of Hades",UIH,407365945376374795,https://discord.gg/N3uPEvsFY9,en,https://cdn.discordapp.com/icons/407365945376374795/a_774049310e08e952fa6b488793231fba.gif,8,1595,159,5712,"[150,133,236,176,214,307,262,252,138,173,151,156,230,333,342,335,411,317,250,259,267,233,241,146]",#814300,#a88a6c
"Stargate Corp Int'l",,536065295828254732,https://discord.gg/NPUgh72,en,https://cdn.discordapp.com/icons/536065295828254732/be93f024e229228cd26b168b63d297f0.png,0,513,44,5271,"[132,194,224,184,154,122,111,136,118,142,145,175,173,231,335,383,333,369,306,265,318,237,274,210]",#ff0000,#800000
"Stargate Corp Int'l",,536065295828254732,https://discord.gg/6TzxgTY,en,https://cdn.discordapp.com/icons/536065295828254732/be93f024e229228cd26b168b63d297f0.png,0,513,56,5271,"[132,194,224,184,154,122,111,136,118,142,145,175,173,231,335,383,333,369,306,265,318,237,274,210]",#ff0000,#800000
"ARk Ecosystem","Ark Summit",651754869484552193,https://discord.gg/CQDARFKYhx,en,https://cdn.discordapp.com/icons/651754869484552193/d33377edd0a1cd31fb1ced3584098458.png,1,393,43,4889,"[75,115,108,139,153,255,230,192,169,164,157,197,132,333,407,254,332,294,231,225,205,189,226,107]",#ff0000,#800000
"ARk Ecosystem","Ark Summit",651754869484552193,https://discord.gg/teAN7k5Mc7,en,https://cdn.discordapp.com/icons/651754869484552193/d33377edd0a1cd31fb1ced3584098458.png,1,393,40,4889,"[75,115,108,139,153,255,230,192,169,164,157,197,132,333,407,254,332,294,231,225,205,189,226,107]",#ff0000,#800000
"Oceania Alliance",AusCorp,634122759777157130,https://discord.gg/skvJzZH,en,https://cdn.discordapp.com/icons/634122759777157130/a_c7fe0df9949f9e2cb45210c417d46fe4.gif,4,594,58,4875,"[345,251,249,346,182,127,135,258,219,161,252,376,328,185,201,108,104,53,88,146,243,178,157,183]",#3dcefc,#163037
"Oceania Alliance",AusCorp,634122759777157130,https://discord.gg/y9N76B8,en,https://cdn.discordapp.com/icons/634122759777157130/a_c7fe0df9949f9e2cb45210c417d46fe4.gif,4,594,58,4875,"[345,251,249,346,182,127,135,258,219,161,252,376,328,185,201,108,104,53,88,146,243,178,157,183]",#3dcefc,#163037
"ALIANZA HISPÁNICA",,573114531983917059,https://discord.gg/KAguMmM,es,https://cdn.discordapp.com/icons/573114531983917059/3f4e43436af3b2d8c92303b45bd484d3.png,4,717,50,4807,"[208,215,301,234,150,91,42,84,65,107,85,106,181,216,228,275,219,306,260,293,332,312,271,226]",#ff0000,#800000
"Black Star Order",BSO,368229482579886092,https://discord.gg/YTaYrhy,en,https://cdn.discordapp.com/icons/368229482579886092/a_7c69fec8274b5c358b11d853e1178e7b.gif,2,2702,206,4760,"[161,171,216,171,95,119,131,145,145,111,142,138,217,207,259,215,304,277,306,255,318,261,234,162]",#ff0000,#800000
"Ƭitans Ф ᴛɛʀʀօƦ","Titans of Terror",1215955043170258954,https://discord.gg/Y7UrFH8QxX,,https://cdn.discordapp.com/icons/1215955043170258954/031fd12af156265f0d129091c4fe2abd.png,0,336,45,4723,"[139,192,161,146,118,103,48,92,88,89,110,78,170,178,287,356,386,349,357,398,298,197,245,138]",#000000,#b80000
"Omega Alpha Official",,561437137111744512,https://discord.gg/Fa5BXXV,en,https://cdn.discordapp.com/icons/561437137111744512/a_3ef1050bbc9f43e55d539708855ff769.gif,3,279,33,4717,"[75,67,143,113,85,158,159,116,145,193,182,215,220,317,361,242,269,365,186,246,259,210,188,203]",#ff0000,#800000
"LI•KA•PA",LIKAPA,739426298648330302,https://discord.gg/sVbSKEjZGv,en,https://cdn.discordapp.com/icons/739426298648330302/a_39e055efed878faf31655b882199ea38.gif,2,348,33,4630,"[155,158,163,118,108,74,54,40,64,133,122,166,142,216,253,442,348,332,347,301,269,183,219,223]",#ff0000,#800000
"LI•KA•PA",LIKAPA,739426298648330302,https://discord.gg/3CE2zAs,en,https://cdn.discordapp.com/icons/739426298648330302/a_39e055efed878faf31655b882199ea38.gif,2,348,30,4630,"[155,158,163,118,108,74,54,40,64,133,122,166,142,216,253,442,348,332,347,301,269,183,219,223]",#ff0000,#800000
"Hades' Star Official",hso,255083954036670464,https://discord.gg/hadesstar,,https://cdn.discordapp.com/icons/255083954036670464/c6bf510cb6a7bd8dedf13dd45619b7db.png,2,20469,1427,4394,"[113,80,184,160,141,155,190,159,166,242,187,214,149,118,147,135,195,217,311,355,237,204,213,122]",#ff0000,#800000
"👽 a l i e n i g e n a s 👽",,907699305643642960,https://discord.gg/KSnYkwmAcH,en,https://cdn.discordapp.com/icons/907699305643642960/3517afbfe6ffcbf6b00cc1c437f6adc1.png,0,130,26,4357,"[183,251,130,284,152,18,42,47,108,50,74,131,189,188,211,214,187,248,299,292,239,272,325,223]",#ff0000,#800000
"👽 a l i e n i g e n a s 👽",,907699305643642960,https://discord.gg/szv4DVuHA5,en,https://cdn.discordapp.com/icons/907699305643642960/3517afbfe6ffcbf6b00cc1c437f6adc1.png,0,130,19,4357,"[183,251,130,284,152,18,42,47,108,50,74,131,189,188,211,214,187,248,299,292,239,272,325,223]",#ff0000,#800000
"HFC🚀",,739873943569301514,https://discord.gg/Rv9W6Nqk9a,de,https://cdn.discordapp.com/icons/739873943569301514/03fabc1416e2ad1662fa031f248d7f14.png,2,128,13,4294,"[8,2,0,26,78,116,170,308,254,280,228,156,146,178,174,250,182,216,256,296,294,490,174,12]",#ff0000,#800000
"HFC🚀",,739873943569301514,https://discord.gg/cMHeknWazZ,de,https://cdn.discordapp.com/icons/739873943569301514/03fabc1416e2ad1662fa031f248d7f14.png,2,128,13,4294,"[8,2,0,26,78,116,170,308,254,280,228,156,146,178,174,250,182,216,256,296,294,490,174,12]",#ff0000,#800000
"Blood Hounds",,1176955827823849662,https://discord.gg/S45YmPgus7,,https://cdn.discordapp.com/icons/1176955827823849662/6875ab22fe1e3a67f48ceab8fd93cafc.png,0,61,16,3650,"[143,250,303,257,53,39,4,11,18,7,35,41,192,189,236,206,211,220,211,162,164,256,209,233]",#ff0000,#800000
"France Les Cités",,371687157817016331,https://discord.gg/NnCybBycWq,fr,https://cdn.discordapp.com/icons/371687157817016331/bba9e45e2747ac3bcb7d0c08dad32bbd.png,0,290,32,3474,"[24,23,51,6,67,134,205,128,139,166,256,233,228,200,167,239,199,122,261,167,129,223,45,62]",#ff0000,#800000
"Pirates Spatiales",PIR,471986153252192276,https://discord.gg/wZcGGNZ,fr,https://cdn.discordapp.com/icons/471986153252192276/7688480ea575dc5b417d9bbfd08ae0f1.png,12,261,19,3469,"[9,12,12,48,98,75,124,163,158,111,203,258,212,166,93,157,164,204,304,313,316,178,77,14]",#d0ae3f,#fffc7f
"Vision Gaming",,743464824587157545,https://discord.gg/visiongaming,,https://cdn.discordapp.com/icons/743464824587157545/a_cb91fc4712a81222edc7d5dfe51c7a96.gif,14,888,104,3400,"[84,161,183,120,103,94,67,78,69,70,28,82,134,177,148,217,246,174,338,217,201,158,117,134]",#ff0000,#800000
"Space Pals",,610037048702926859,https://discord.gg/3A9WHQV,en,https://cdn.discordapp.com/icons/610037048702926859/a_ac81ea72a1d484992b0a45d430e66821.gif,7,221,27,3358,"[92,69,105,79,60,111,107,48,140,119,130,170,251,153,207,210,232,158,192,113,141,135,179,157]",#ff0000,#800000
"Tuatha De Danan",,763883338988650506,https://discord.gg/z6STHmJ88H,en,https://cdn.discordapp.com/icons/763883338988650506/c8ec3b825e8b9f69ffd2d8c718fc4e7a.png,0,99,20,3215,"[66,29,30,38,46,30,60,97,158,160,217,192,63,106,160,195,197,225,132,173,226,285,216,114]",#ff0000,#800000
"Crux Cadre",,741191761610932265,https://discord.gg/KURwcyxGxS,en,https://cdn.discordapp.com/icons/741191761610932265/92531f8d718bdb72d358243428f00a10.png,0,106,14,2801,"[172,115,209,162,48,53,38,58,24,67,96,34,67,83,120,214,110,172,116,100,209,280,129,125]",#ff0000,#800000
Collective,"The Collective",398536944423796757,https://discord.gg/ze8yC2Gt6K,,https://cdn.discordapp.com/icons/398536944423796757/a_e1b2c02fb49e6263e6fa2db7aaebf081.gif,8,754,67,2784,"[68,59,35,48,84,50,24,18,45,33,28,90,110,170,282,257,157,226,151,191,238,177,134,109]",#0015ff,#f6ff00
Newbs,,726623328445399152,https://discord.gg/gcZEagV,en,https://cdn.discordapp.com/icons/726623328445399152/1bae8dc9bde8825459103e241874a92e.png,0,77,15,2755,"[63,50,36,53,14,41,70,42,81,99,68,138,128,126,176,142,192,319,294,139,203,70,144,67]",#ff0000,#800000
"Hinterm Mond",,399191033889685504,https://discord.gg/SK46885,de,https://cdn.discordapp.com/icons/399191033889685504/1bb5720d00362d377fcd77a85950344b.png,2,415,28,2710,"[13,9,7,22,25,70,80,131,94,95,142,124,82,75,110,144,163,233,281,367,233,127,53,30]",#ff0000,#800000
"Black Pearl",,1351539962998161470,https://discord.gg/Fu5tws4Ycs,,https://cdn.discordapp.com/icons/1351539962998161470/86e102d1dede312f5ddc17d07b47d97f.png,0,87,14,2697,"[14,11,21,5,25,31,45,82,156,275,125,83,199,155,120,196,95,131,115,214,283,160,122,34]",#ff0000,#800000
"Karanth' Corp",,362536524073533441,https://discord.gg/D9Xf2YTEgc,pl,https://cdn.discordapp.com/icons/362536524073533441/01734a72df5c37e7e8f25dc8fc868957.png,0,121,9,2639,"[5,0,5,5,125,139,67,96,167,286,86,181,185,242,96,101,82,62,230,239,153,77,10,0]",#ff0000,#800000
"Karanth' Corp",,362536524073533441,https://discord.gg/Rw28GEG,pl,https://cdn.discordapp.com/icons/362536524073533441/01734a72df5c37e7e8f25dc8fc868957.png,0,121,10,2639,"[5,0,5,5,125,139,67,96,167,286,86,181,185,242,96,101,82,62,230,239,153,77,10,0]",#ff0000,#800000
"Royaume de Kaamelott",,718554362498252891,https://discord.gg/dPeX4sZQbk,fr,https://cdn.discordapp.com/icons/718554362498252891/79ac25cff9dc922b2ec2145b03ba656c.png,0,207,24,2603,"[7,6,4,1,13,43,63,74,99,127,115,91,171,131,84,134,145,263,108,276,309,233,64,42]",#ff0000,#800000
"Royaume de Kaamelott",,718554362498252891,https://discord.gg/EXj5vtr,fr,https://cdn.discordapp.com/icons/718554362498252891/79ac25cff9dc922b2ec2145b03ba656c.png,0,207,20,2603,"[7,6,4,1,13,43,63,74,99,127,115,91,171,131,84,134,145,263,108,276,309,233,64,42]",#ff0000,#800000
"Hades Federation",,1215398582874804264,https://discord.gg/FhactVbKbG,,https://cdn.discordapp.com/icons/1215398582874804264/a3990e3cac8a7eb8e19c445ea412f7ff.png,0,59,9,2599,"[21,20,11,10,34,84,30,53,66,59,97,32,57,93,150,172,145,133,348,348,253,209,145,29]",#ff0000,#800000
"GDZ - Gloria Dominatio Zelus",,404778235813953546,https://discord.gg/3Kn48fX,en,https://cdn.discordapp.com/icons/404778235813953546/13ce89bac6960e4fdb118d61aa4dd8e3.png,0,185,18,2580,"[68,184,136,144,65,68,46,40,31,32,114,141,93,72,96,49,71,113,88,90,153,252,223,211]",#ff0000,#800000
"[c̲̲̅σ̲̲̅и̲̲̅т̲̲̅i̲̲̅и̲̲̅υ̲̅υм]",Continuum,503756389705973760,https://discord.gg/BaF8Wk9mFp,en,https://cdn.discordapp.com/icons/503756389705973760/9840922dd7597553f31ec8667a284b80.png,0,390,42,2567,"[103,64,40,58,107,59,92,84,79,101,120,49,50,71,141,108,157,121,117,289,148,218,71,120]",#ff0000,#800000
"[c̲̲̅σ̲̲̅и̲̲̅т̲̲̅i̲̲̅и̲̲̅υ̲̅υм]",Continuum,503756389705973760,https://discord.gg/yM4Eddabk9,en,https://cdn.discordapp.com/icons/503756389705973760/9840922dd7597553f31ec8667a284b80.png,0,390,38,2567,"[103,64,40,58,107,59,92,84,79,101,120,49,50,71,141,108,157,121,117,289,148,218,71,120]",#ff0000,#800000
"Critical Mass",,1408065862916636752,https://discord.gg/gX6VetxjMm,,https://cdn.discordapp.com/icons/1408065862916636752/95a4b66f410ea6b80607300a28f81de0.png,0,101,17,2497,"[82,44,37,28,16,19,23,29,47,45,92,77,96,104,117,156,146,186,247,219,250,150,170,117]",#ff0000,#800000
"No Orbit©",,515644672392036362,https://discord.gg/FxGWHf8,en,https://cdn.discordapp.com/icons/515644672392036362/9edb5ed0b5405b30c6e8c611bdc6ab58.png,0,158,19,2455,"[57,556,87,42,24,39,21,36,27,48,94,54,18,84,199,108,154,99,132,99,142,142,115,78]",#ff0000,#800000
Hexacropians,,999909641880350830,https://discord.gg/Y7EZe2eQk9,,https://cdn.discordapp.com/icons/999909641880350830/5d39cf86cd84f4c14f369e4703b32365.png,0,44,5,2315,"[76,54,41,43,119,80,116,138,176,168,502,329,58,4,10,8,35,12,20,39,54,75,79,79]",#ff0000,#800000
"Hades stays in Yishun",,382453967952805889,https://discord.gg/8R84KA7,en,https://cdn.discordapp.com/icons/382453967952805889/14f8026730daa4dc2b6c4007036308e1.png,0,123,10,2276,"[200,98,113,77,172,91,105,181,130,145,288,160,163,158,77,17,8,7,18,0,0,1,15,52]",#ff0000,#800000
"Stellar Exports",,705354004309475351,https://discord.gg/3zWfHnqfry,en,https://cdn.discordapp.com/icons/705354004309475351/5f2f78d75caac8eeec691558dd841e51.png,1,133,7,2242,"[27,67,97,23,57,84,113,69,140,54,94,116,27,46,90,84,50,96,174,170,172,190,153,49]",#ff0000,#800000
"Stellar Exports",,705354004309475351,https://discord.gg/nBrqgsV,en,https://cdn.discordapp.com/icons/705354004309475351/5f2f78d75caac8eeec691558dd841e51.png,1,133,7,2242,"[27,67,97,23,57,84,113,69,140,54,94,116,27,46,90,84,50,96,174,170,172,190,153,49]",#ff0000,#800000
"The United Stars of Hades",USH,749454391714775161,https://discord.gg/55XeguWtVK,en,https://cdn.discordapp.com/icons/749454391714775161/a_22b228fbb5cf0a5a27b5ae37c75e7f83.gif,5,72,14,2242,"[179,252,85,49,39,8,3,5,6,23,17,49,59,123,100,98,190,195,118,167,117,54,172,134]",#5d1d47,#c58fbb
"The United Stars of Hades",USH,749454391714775161,https://discord.gg/mjFw6PUW52,en,https://cdn.discordapp.com/icons/749454391714775161/a_22b228fbb5cf0a5a27b5ae37c75e7f83.gif,5,72,15,2242,"[179,252,85,49,39,8,3,5,6,23,17,49,59,123,100,98,190,195,118,167,117,54,172,134]",#5d1d47,#c58fbb
Ceruleans,CS,1093559047137013800,https://discord.gg/c4c7f6BqVa,,https://cdn.discordapp.com/icons/1093559047137013800/d594685062cdce6eca5ee656664513a9.png,1,276,43,2147,"[72,67,28,55,79,95,150,44,54,48,34,30,26,38,154,178,264,231,114,64,83,88,81,70]",#32839a,#71c2d9
"Sith Empire",,422164875570184193,https://discord.gg/PCVggWADdt,en,https://cdn.discordapp.com/icons/422164875570184193/a_3098b957bf71c7bace2517d663ed86f1.gif,2,180,14,2046,"[144,232,143,165,126,56,36,30,18,23,52,117,65,73,132,100,52,55,112,67,90,43,59,56]",#ff0000,#800000
"Sith Empire",,422164875570184193,https://discord.gg/R6sJCw2,en,https://cdn.discordapp.com/icons/422164875570184193/a_3098b957bf71c7bace2517d663ed86f1.gif,2,180,13,2046,"[144,232,143,165,126,56,36,30,18,23,52,117,65,73,132,100,52,55,112,67,90,43,59,56]",#ff0000,#800000
NotsoSerious,,434225356292227073,https://discord.gg/7tvG2jwSvD,en,https://cdn.discordapp.com/icons/434225356292227073/fd71ce2f299ce28b4e586b5a0b10ef98.png,0,136,20,1999,"[83,55,23,19,37,23,32,64,33,155,192,127,97,200,169,73,83,77,50,150,74,38,86,59]",#ff0000,#800000
NotsoSerious,,434225356292227073,https://discord.gg/3DDnEEX,en,https://cdn.discordapp.com/icons/434225356292227073/fd71ce2f299ce28b4e586b5a0b10ef98.png,0,136,22,1999,"[83,55,23,19,37,23,32,64,33,155,192,127,97,200,169,73,83,77,50,150,74,38,86,59]",#ff0000,#800000
"Hade’s Research Station [ HRS ]",,1400385036519346296,https://discord.gg/DZJgkukPtV,,https://cdn.discordapp.com/icons/1400385036519346296/bace7d99d1a034142c7da46522f323ef.png,0,231,34,1979,"[76,55,51,50,13,69,21,77,70,50,18,25,56,77,40,84,81,72,97,218,92,211,250,126]",#ff0000,#800000
"IMPERIAL ARMADA",,635224120405262379,https://discord.gg/bAAYCqG2cE,,https://cdn.discordapp.com/icons/635224120405262379/f821e29181713462960accb12627a68b.png,0,237,36,1889,"[89,81,65,62,22,10,19,34,40,31,33,97,139,94,108,200,184,74,63,85,81,35,124,119]",#ff0000,#800000
"🎇 Industrial Wipe Out",,797645901895565362,https://discord.gg/QJASDtk4j7,en,https://cdn.discordapp.com/icons/797645901895565362/dff91b22ec1be6274981b5f02d1f88cc.png,0,174,20,1863,"[30,0,6,4,9,93,68,135,96,89,147,78,64,81,53,99,238,130,96,87,130,83,34,13]",#ff0000,#800000
"Duchy Arrakis",,911160458898186251,https://discord.gg/KqYStwNR2z,,https://cdn.discordapp.com/icons/911160458898186251/fccc75f64726e05d48cb7d52c359ffae.png,0,115,6,1853,"[3,0,0,0,15,53,62,89,48,48,98,153,79,91,33,93,53,79,199,230,282,109,36,0]",#ff0000,#800000
"RELAX CZ/SK",,476743944634630146,https://discord.gg/2wKqxKw,,https://cdn.discordapp.com/icons/476743944634630146/d0943551f249f44a4c5cf1dd766e3701.png,0,67,6,1690,"[3,0,0,3,61,19,204,99,38,67,74,93,57,29,37,22,145,81,407,225,10,13,3,0]",#ff0000,#800000
"Lost Legion",,830940798241079338,https://discord.gg/bf68W2sxEY,en,https://cdn.discordapp.com/icons/830940798241079338/5d59fabf3f2040570b78d3fe0874583e.png,0,29,4,1668,"[146,117,29,6,6,0,12,6,0,0,17,0,40,28,29,90,283,56,67,46,95,67,267,261]",#ff0000,#800000
"Astral Alliance",,1102280340879441970,https://discord.gg/naqEGjHA3B,en,https://cdn.discordapp.com/icons/1102280340879441970/f3f7e493502e3c6d803a0aad88251c99.png,0,196,32,1667,"[76,58,41,94,22,47,144,133,36,41,9,61,69,41,22,29,132,179,124,102,46,93,39,29]",#ff0000,#800000
"The Star League",TSL,355101373483712513,https://discord.gg/2cEAstZ,en,https://cdn.discordapp.com/icons/355101373483712513/a_2e731750cce29af9f54bc7039a8196e7.gif,7,381,62,1653,"[102,182,160,59,20,24,9,6,3,21,22,19,47,65,103,71,103,117,130,77,120,37,83,73]",#eebe1a,#fffc7f
"Famous Assassins",,624828334844674050,https://discord.gg/YHtMuQK,en,https://cdn.discordapp.com/icons/624828334844674050/b8de54f9cc87f16a7583fa755d2871d5.png,0,173,21,1653,"[113,120,63,21,66,23,63,6,49,45,43,26,22,19,12,22,89,227,196,216,44,80,60,28]",#ff0000,#800000
"Famous Assassins",,624828334844674050,https://discord.gg/4y4gwQD,en,https://cdn.discordapp.com/icons/624828334844674050/b8de54f9cc87f16a7583fa755d2871d5.png,0,173,21,1653,"[113,120,63,21,66,23,63,6,49,45,43,26,22,19,12,22,89,227,196,216,44,80,60,28]",#ff0000,#800000
"Hades Star Polska",,1205638048881180672,https://discord.gg/SXGecrzJ9c,,https://cdn.discordapp.com/icons/1205638048881180672/609b6716db89b325f12f961a4cdb43ae.png,0,105,9,1539,"[0,0,0,0,0,14,17,49,45,14,26,11,11,31,21,71,123,254,238,282,189,140,3,0]",#ff0000,#800000
"Stella⭐Glow",,651091645663543296,https://discord.gg/VR5QpE3,en,https://cdn.discordapp.com/icons/651091645663543296/04692c80fe8cb694dc67b8a129c50d3f.png,0,65,9,1485,"[22,28,146,31,10,11,14,29,11,21,66,71,58,76,48,136,135,132,107,65,121,43,26,78]",#ff0000,#800000
"ROGUE ONE HQ",,882161075435470859,https://discord.gg/Q98hT9Uv7T,en,https://cdn.discordapp.com/icons/882161075435470859/d47aee0ede5bec5bbd7de8a245c0a9f4.png,0,80,12,1390,"[28,51,70,48,45,126,55,21,45,45,34,51,45,38,51,231,100,37,76,42,64,41,26,20]",#ff0000,#800000
"ROGUE ONE HQ",,882161075435470859,https://discord.gg/PY7xzmc7nm,en,https://cdn.discordapp.com/icons/882161075435470859/d47aee0ede5bec5bbd7de8a245c0a9f4.png,0,80,12,1390,"[28,51,70,48,45,126,55,21,45,45,34,51,45,38,51,231,100,37,76,42,64,41,26,20]",#ff0000,#800000
Red_Coat_Mafia,,700759283628900461,https://discord.gg/MgcvvsKa8q,en,https://cdn.discordapp.com/icons/700759283628900461/9ed1b46098b99c47aa649cdc86a75720.png,0,649,64,1375,"[43,42,31,33,36,28,48,49,26,25,49,64,64,27,41,78,38,50,85,84,267,73,63,31]",#ff0000,#800000
"The Asylum",,386406930072993803,https://discord.gg/KFmTkb5,en,https://cdn.discordapp.com/icons/386406930072993803/ef84829f8d23b9f788fa422c2a065625.png,0,126,13,1373,"[0,0,17,17,0,0,17,0,0,17,17,17,167,67,50,117,17,85,150,100,301,117,34,66]",#ff0000,#800000
"Queendom Of Green",,180862131263111168,https://discord.gg/rbwFqKK,en,https://cdn.discordapp.com/icons/180862131263111168/d4b9c50827842dd421058d9bbc765360.png,0,106,58,1371,"[74,180,176,197,109,94,36,30,27,36,9,30,19,42,9,47,29,42,18,20,24,42,15,66]",#ff0000,#800000
"MastersofChaos and Friends ;)",,369899219919831040,https://discord.gg/q8zp3XdXbp,en,https://cdn.discordapp.com/icons/369899219919831040/16b079f079c922c27fd58ceb838f9442.png,0,41,4,1355,"[117,45,63,91,27,127,9,0,0,0,54,18,18,18,36,36,36,127,63,45,99,127,109,90]",#ff0000,#800000
MAJAPAHIT,,696954366552309860,https://discord.gg/MCDb2Mt,,https://cdn.discordapp.com/icons/696954366552309860/ccbd7dee54e46804ead9e7962be2a219.png,0,195,17,1311,"[31,46,23,42,82,79,49,75,44,45,119,64,54,97,165,77,62,46,6,21,31,12,24,17]",#ff0000,#800000
"Shadow Dominion Alliance",,1310786262705373215,https://discord.gg/7NQT2nHpeK,,https://cdn.discordapp.com/icons/1310786262705373215/7642cdf4524fc39f1b0976ad0d509645.png,0,121,24,1297,"[0,33,0,0,0,200,133,66,166,66,0,0,100,100,0,0,200,133,67,0,33,0,0,0]",#ff0000,#800000
"Imperium XIII",,513546950256099328,https://discord.gg/c9wtCDusgE,en,https://cdn.discordapp.com/icons/513546950256099328/7bc542e90c93b177ab105b1cb4043619.png,0,159,13,1255,"[17,17,17,26,43,43,31,48,74,43,41,110,199,97,90,39,38,72,17,43,58,47,25,20]",#ff0000,#800000
KOBOL,,1447280335162441728,https://discord.gg/FZVNhdkpXN,,https://cdn.discordapp.com/icons/1447280335162441728/afabf32f187aad64bd2354c9fc0e76dd.png,0,40,7,1243,"[4,27,152,33,64,34,11,40,4,11,0,11,0,85,55,130,167,70,104,52,48,115,26,0]",#ff0000,#800000
"Battlestar Fr",,342069679738847246,https://discord.gg/k7NRQ2Y,fr,https://cdn.discordapp.com/icons/342069679738847246/670fa97c67a64b92e36c5bb15e2d0be0.png,0,45,5,1222,"[30,0,7,0,11,37,90,44,59,78,63,59,179,71,26,109,55,78,34,114,11,15,26,26]",#ff0000,#800000
"Polish Pirates",,382304520811708428,https://discord.gg/vGfaYFN,pl,https://cdn.discordapp.com/icons/382304520811708428/74c94c72c5a228ee230b17eecd7ece47.png,0,130,10,1214,"[3,0,0,45,129,41,16,60,48,132,141,47,48,42,54,35,139,15,116,67,10,0,26,0]",#ff0000,#800000
Os,Os,485303090468093952,https://discord.gg/Wvw77nffmM,,https://cdn.discordapp.com/icons/485303090468093952/351d3ad0b9dc7502cf3b9692e9306c2c.png,5,53,18,1177,"[48,106,129,83,59,35,53,0,12,24,0,0,12,6,6,18,48,18,54,153,94,95,24,100]",#eebe1a,#fffc7f
"BrinySeal Corporation",,1220488894253109378,https://discord.gg/e9sXkVmVwe,,https://cdn.discordapp.com/icons/1220488894253109378/fbca10ae53e814c90b874c83b55ac01e.png,0,42,14,1153,"[29,113,16,29,48,50,29,32,53,60,35,19,22,77,13,16,38,72,35,92,39,43,103,90]",#ff0000,#800000
"White Star Inc.",,595224517148672030,https://discord.gg/n4nHC3N,en,https://cdn.discordapp.com/icons/595224517148672030/e05c2fbf786ffceaa4f8606d2d3fb6af.png,0,66,7,1146,"[77,24,12,112,24,0,18,0,0,36,42,53,18,65,106,66,48,18,212,77,18,60,24,36]",#ff0000,#800000
ZION,,791507969652293642,https://discord.gg/37KaujZtkU,ko,https://cdn.discordapp.com/icons/791507969652293642/a_18fea1c73fff85465a386cd538fe3781.gif,4,80,7,1096,"[18,29,137,56,64,52,46,52,156,104,106,67,68,65,33,12,8,2,0,0,1,4,7,9]",#ff0000,#800000
"Hermitage Hades Star",,641686424873336843,https://discord.gg/nMg8EAQ3zg,,,0,41,6,1086,"[13,0,0,0,25,6,50,12,138,125,25,19,50,57,70,25,75,119,50,94,51,56,13,13]",#ff0000,#800000
KLM,,390283009129054230,https://discord.gg/cWymECU,,https://cdn.discordapp.com/icons/390283009129054230/16ac90beb545aa5b90eb42d3463ffc75.png,0,126,14,1070,"[0,0,0,0,0,10,90,60,10,10,30,40,10,0,80,40,70,80,140,190,180,10,20,0]",#ff0000,#800000
"team rainbow",,696404939425185833,https://discord.gg/5SnKxxx,en,https://cdn.discordapp.com/icons/696404939425185833/bd1b188b8d7865ab00dd491cc3c048d0.png,0,59,3,1065,"[0,0,0,0,0,0,0,0,6,0,0,87,231,83,200,189,70,54,27,31,78,9,0,0]",#ff0000,#800000
"ℙ𝕖𝕒𝕤𝕒𝕟𝕥𝕤/CIS",,811092030389354506,https://discord.gg/M8TEcpgTwq,en,https://cdn.discordapp.com/icons/811092030389354506/fc6b75d59942a2ee932ee3f60f290931.png,0,77,14,1050,"[0,20,20,100,40,10,30,30,10,40,130,90,100,30,130,60,40,40,30,80,10,10,0,0]",#ff0000,#800000
"ℙ𝕖𝕒𝕤𝕒𝕟𝕥𝕤/CIS",,811092030389354506,https://discord.gg/eVBvw68KEU,en,https://cdn.discordapp.com/icons/811092030389354506/fc6b75d59942a2ee932ee3f60f290931.png,0,77,13,1050,"[0,20,20,100,40,10,30,30,10,40,130,90,100,30,130,60,40,40,30,80,10,10,0,0]",#ff0000,#800000
"Station InterCorpos",,1427930801944662018,https://discord.gg/fSvYtEu63M,,https://cdn.discordapp.com/icons/1427930801944662018/50d1f324effb28510f201baf40061a81.png,0,83,12,1037,"[0,0,0,0,0,12,22,46,6,29,111,62,128,84,45,189,68,17,56,55,78,18,0,11]",#ff0000,#800000
"Station InterCorpos",,1427930801944662018,https://discord.gg/CbAXgEKtQk,,https://cdn.discordapp.com/icons/1427930801944662018/50d1f324effb28510f201baf40061a81.png,0,83,9,1037,"[0,0,0,0,0,12,22,46,6,29,111,62,128,84,45,189,68,17,56,55,78,18,0,11]",#ff0000,#800000
Bunker,,1413276993944031436,https://discord.gg/BacNp3a4Wr,,https://cdn.discordapp.com/icons/1413276993944031436/1a7962bf15d7b888f32ecd62117d8fd9.png,0,42,14,1035,"[10,1,0,0,10,7,6,11,62,85,0,21,64,120,19,94,24,159,51,67,31,38,125,30]",#ff0000,#800000
Elite,,348590958134296586,https://discord.gg/kHkb3aS,en,https://cdn.discordapp.com/icons/348590958134296586/a617ee7d8f9e6b1b082803a92f998815.png,0,96,7,1003,"[72,63,63,127,54,227,54,18,0,18,9,36,36,36,36,64,18,9,9,18,9,9,0,18]",#ff0000,#800000
"Hamburg AG 2",,497781272748359688,https://discord.gg/UXNc44dxk6,de,https://cdn.discordapp.com/icons/497781272748359688/d04a787e4b56cfed03e7fc4488c7cef3.png,0,73,5,1002,"[0,18,9,72,73,100,9,0,27,9,36,45,9,18,36,72,81,145,63,54,63,27,9,27]",#ff0000,#800000
"Drunken Mining Corp",,587867788413108234,https://discord.gg/VuhBfyPqGY,en,https://cdn.discordapp.com/icons/587867788413108234/77cdccacb0addf7140119bc4b7f2bacc.png,0,38,9,1000,"[200,25,0,25,125,0,0,0,0,25,0,50,100,50,100,25,0,25,75,25,25,25,25,75]",#ff0000,#800000
"Drunken Mining Corp",,587867788413108234,https://discord.gg/gftmtjS,en,https://cdn.discordapp.com/icons/587867788413108234/77cdccacb0addf7140119bc4b7f2bacc.png,0,38,9,1000,"[200,25,0,25,125,0,0,0,0,25,0,50,100,50,100,25,0,25,75,25,25,25,25,75]",#ff0000,#800000
"A Fronteira Final - Hades Star: Dark Nebula",,1210814529445830656,https://discord.gg/ywbVK3C459,es,https://cdn.discordapp.com/icons/1210814529445830656/5863253440da4c4dd03f74d7ad9e2cfb.png,0,46,9,997,"[103,21,25,3,12,14,0,1,2,9,54,39,54,32,24,50,48,50,20,12,178,149,49,48]",#ff0000,#800000
"A Fronteira Final - Hades Star: Dark Nebula",,1210814529445830656,https://discord.gg/bv5q7qHTDb,es,https://cdn.discordapp.com/icons/1210814529445830656/5863253440da4c4dd03f74d7ad9e2cfb.png,0,46,9,997,"[103,21,25,3,12,14,0,1,2,9,54,39,54,32,24,50,48,50,20,12,178,149,49,48]",#ff0000,#800000
"Space Penguins",,382153815073488898,https://discord.gg/KMQhBDQ,en,https://cdn.discordapp.com/icons/382153815073488898/c27c2d429e21041760a8317a4b452493.png,0,692,43,993,"[0,0,0,0,0,0,0,0,0,0,0,0,47,5,0,0,5,5,42,205,626,32,16,10]",#ff0000,#800000
"The Dwarf Crew",,964111972293562398,https://discord.gg/mbBssbBRQ8,en,https://cdn.discordapp.com/icons/964111972293562398/6d72a49c1b34744aa4844fe023a2c4ba.png,1,142,24,992,"[4,6,8,3,15,15,29,22,43,148,58,33,30,34,57,44,55,80,74,72,88,37,24,13]",#ff0000,#800000
"Ironbear Legion",,622470790389956629,https://discord.gg/vCnRArh,en,https://cdn.discordapp.com/icons/622470790389956629/a_1cc3015e65b639efc2ef8f6190ede2fb.gif,2,199,22,989,"[43,29,53,10,0,35,34,29,19,15,24,58,30,81,181,43,10,25,29,63,53,29,24,72]",#ff0000,#800000
"Space Ghost Alliance",,469647987677593622,https://discord.gg/WBMbDHE,en,https://cdn.discordapp.com/icons/469647987677593622/7ad77c1aa48ad7040734b74838a9eef4.png,0,301,21,986,"[41,15,42,38,32,3,9,6,12,77,19,12,3,19,70,52,34,29,101,54,155,45,32,86]",#ff0000,#800000
"Hades' Link Archive",,593923858361221131,https://discord.gg/b6NUVsX,,https://cdn.discordapp.com/icons/593923858361221131/44b23362925046ec7f0673ec684f43da.png,0,481,33,985,"[100,20,110,15,40,40,50,0,0,0,15,15,80,50,15,50,0,15,125,60,5,95,40,45]",#ff0000,#800000
hello,:3,159850084916396033,https://discord.gg/hello,,https://cdn.discordapp.com/icons/159850084916396033/58cad20b02397282b3df7a2eef8d114c.png,36,38,5,959,"[44,19,15,3,2,4,1,4,7,6,8,54,27,10,41,23,49,64,115,91,85,126,110,51]",,
"INFINITY STAR 🌌",,850886869171437573,https://discord.gg/S97MCXeDDJ,de,https://cdn.discordapp.com/icons/850886869171437573/015ba961b8df4795ab241992bcea7bd1.png,0,77,11,913,"[6,0,0,0,0,0,1,3,1,2,7,15,23,43,41,65,68,55,87,141,134,148,53,20]",#ff0000,#800000
Octoberpierynm,,475758531224666115,https://discord.gg/fZ76DwK,en,https://cdn.discordapp.com/icons/475758531224666115/0408dd547f7a5acfb2cc1d8dca424748.png,0,125,14,900,"[60,100,0,80,0,0,0,0,10,0,30,0,10,0,90,130,70,70,40,90,30,30,30,30]",#ff0000,#800000
dtc-corp,,494414059379097600,https://discord.gg/UfTrA35,fr,https://cdn.discordapp.com/icons/494414059379097600/f6e4659c0504023f81d582f5f125fc31.png,0,122,9,900,"[0,0,0,0,0,0,20,20,0,60,100,60,20,40,80,80,80,40,160,80,40,20,0,0]",#ff0000,#800000
Providence,,566189938069078017,https://discord.gg/nUgqhbn,en,https://cdn.discordapp.com/icons/566189938069078017/34660c3bf84fb7b1087f83025185d782.png,0,92,8,881,"[7,73,86,7,34,7,47,40,33,21,14,0,13,27,74,41,34,20,7,154,27,7,34,74]",#ff0000,#800000
"Guardian Utopia",,492453758731550723,https://discord.gg/xXufbUGsAJ,en,https://cdn.discordapp.com/icons/492453758731550723/5e503a0f516b5b6398cdd6b874e25c6c.png,0,49,7,875,"[0,0,0,0,0,0,0,0,0,0,50,0,250,125,225,125,50,25,25,0,0,0,0,0]",#ff0000,#800000
"The Heavy HS",,460463997737762818,https://discord.gg/6vgrePN,en,https://cdn.discordapp.com/icons/460463997737762818/0f1a5ebe2c0712094e25c1e2cd61e655.png,0,74,5,862,"[4,5,7,13,16,9,14,37,19,31,58,47,18,11,9,33,52,121,33,60,52,21,102,90]",#ff0000,#800000
"✯NLB✯",,1028147312704372776,https://discord.gg/xf66CutbnG,es,https://cdn.discordapp.com/icons/1028147312704372776/342968ea9915ac3e1f824db2152a585c.png,0,43,6,852,"[28,491,155,22,0,0,0,0,0,0,0,0,17,0,11,0,0,0,22,39,17,11,28,11]",#ff0000,#800000
"ANZAC Warriors",,843332123346862093,https://discord.gg/ZrqhwA2mn9,en,https://cdn.discordapp.com/icons/843332123346862093/acc1f195773d19b583811f565913e1bd.png,0,72,14,850,"[50,0,50,50,0,50,50,0,200,0,0,0,0,0,0,0,0,0,0,100,150,100,50,0]",#ff0000,#800000
StarControl,,401232455887224833,https://discord.gg/j8wnKvB,en,https://cdn.discordapp.com/icons/401232455887224833/dcb8e93fdeefb24a65631defd207666f.png,2,202,27,844,"[0,22,3,15,12,12,0,6,15,12,6,6,47,27,57,41,16,12,120,75,190,85,12,53]",#ff0000,#800000
Quilliance,,581734750834655243,https://discord.gg/6QQJkJ4,en,https://cdn.discordapp.com/icons/581734750834655243/cb02cd8a3fecfcef26c68b7174c17e45.png,0,86,19,804,"[43,4,10,11,12,12,30,40,37,34,36,22,44,23,36,26,40,67,52,20,25,18,56,106]",#ff0000,#800000
"Tiesa Foundation",,387303196424404992,https://discord.gg/wuKuPvr,en,https://cdn.discordapp.com/icons/387303196424404992/e1b07e25638d7713422a6d93a2579a23.png,0,118,21,802,"[119,82,88,12,70,25,31,0,6,6,0,25,0,13,18,44,37,25,57,12,12,38,38,44]",#ff0000,#800000
Ark,,966680479367565388,https://discord.gg/kPuseCu4RE,de,https://cdn.discordapp.com/icons/966680479367565388/1dfcd2b263c2def7d9de99fc6feceba6.png,0,63,10,800,"[0,0,0,0,0,0,0,14,0,29,57,57,14,29,0,0,14,0,42,158,157,200,0,29]",#ff0000,#800000
W.A.L.R.U.S.,,819238952397307944,https://discord.gg/rcJ9xUDkqz,en,https://cdn.discordapp.com/icons/819238952397307944/4f72bbf6d591e638e042c8f06e9f2df9.png,0,19,2,780,"[112,30,60,39,118,97,51,6,12,9,12,21,51,9,6,27,0,6,0,0,0,9,54,51]",#ff0000,#800000
Emergence,,693194450389696532,https://discord.gg/pwjcwuMPnc,fr,https://cdn.discordapp.com/icons/693194450389696532/2e78373e18450ee58c197bf75e2d5309.png,0,28,3,755,"[28,86,0,0,0,0,0,0,0,0,0,14,57,157,186,101,14,14,28,0,28,14,28,0]",#ff0000,#800000
"UFO Central Intelligence Grid",,1008918913985282184,https://discord.gg/NuvtUTUxQj,en,,0,40,7,743,"[7,150,0,72,158,7,71,36,0,7,7,7,14,36,0,0,0,93,14,36,21,7,0,0]",#ff0000,#800000
Retarts,,992015990823071805,https://discord.gg/Bj7asyRu67,vi,https://cdn.discordapp.com/icons/992015990823071805/13e1fa80a33b3c47cac456a4677bd6a0.png,0,55,4,740,"[0,0,0,16,47,35,6,22,16,22,97,44,45,34,30,38,60,132,84,12,0,0,0,0]",#ff0000,#800000
"Panda Archives - Dust and Echoes",,506315158260547635,https://discord.gg/mtYTG3t,en,https://cdn.discordapp.com/icons/506315158260547635/ec02e1fc93efb336f393f5773ef29c9b.png,0,34,9,698,"[100,0,67,0,0,67,0,66,0,0,33,0,33,0,33,33,100,33,0,0,0,0,33,100]",#ff0000,#800000
"Umbilic Torus Headquarters",,478736423625687041,https://discord.gg/a943gDH,en,https://cdn.discordapp.com/icons/478736423625687041/4dc9cacf24edbe4a37d1d1414319610d.png,0,32,12,698,"[3,0,3,21,15,3,48,0,15,6,0,9,21,68,0,0,6,27,27,118,177,104,21,6]",#ff0000,#800000
"The Mirror Alliance",,1519539646583799928,https://discord.gg/kupxQpSeq5,en,https://cdn.discordapp.com/icons/1519539646583799928/c3080f2b0c211c8f3ab73b9be9b46a49.png,0,43,18,696,"[30,23,54,56,26,147,62,3,1,9,3,2,6,9,24,14,34,46,11,56,40,14,8,18]",,
"Space Oddity",,751700232177188914,https://discord.gg/B5y6qXw,,https://cdn.discordapp.com/icons/751700232177188914/d0cfdc14284f2a5fc94370013cb0f234.png,0,84,4,661,"[0,1,0,0,0,4,13,17,1,2,9,25,34,10,15,12,4,15,13,74,364,44,2,2]",#ff0000,#800000
"empire de sylli",,949974939778297866,https://discord.gg/7MEkhpJ47M,fr,https://cdn.discordapp.com/icons/949974939778297866/fb3fb8691155594064c85a8afacb45eb.png,0,41,8,652,"[0,0,0,0,0,0,5,0,5,0,26,0,0,42,5,11,63,69,58,194,111,58,5,0]",#ff0000,#800000
"Rocket-by Baby",,511984179131580417,https://discord.gg/TyVF7Sz,en,https://cdn.discordapp.com/icons/511984179131580417/b3736063177ecf32bd7d4b28e87aa0b3.png,1,161,16,627,"[14,85,57,43,0,0,0,0,0,0,14,0,14,43,14,28,0,43,43,43,43,43,100,0]",#ff0000,#800000
"Spartans Corp.",,433074022289375232,https://discord.gg/TAY63f9,fr,https://cdn.discordapp.com/icons/433074022289375232/d83792fd8269f66c22a76b10949a4ee1.png,0,68,7,623,"[33,17,33,0,0,50,25,8,8,0,17,25,8,17,0,16,0,0,0,42,91,58,125,50]",#ff0000,#800000
[CNCR],,257852157825384448,https://discord.gg/x7UKNm2,en,https://cdn.discordapp.com/icons/257852157825384448/c4ab170063b316518dbeaa29f715ae07.png,0,152,33,607,"[64,14,24,8,9,6,3,3,13,14,24,48,19,14,15,9,10,33,45,38,8,36,41,109]",#ff0000,#800000
"The Fire Planet",,437077579485413406,https://discord.gg/CgdBbpY,en,https://cdn.discordapp.com/icons/437077579485413406/ac864c4d020c2d6c109cb3f4c4592d39.png,0,87,14,600,"[25,75,25,25,25,25,0,0,0,0,0,150,50,0,0,25,0,0,50,0,25,50,25,25]",#ff0000,#800000
"Society of Sin",,640692199557955587,https://discord.gg/GzKCfdFyKf,en,https://cdn.discordapp.com/icons/640692199557955587/eea5ee0e927a5b79718d7b1b96cc5d07.png,0,300,35,583,"[56,0,50,32,0,0,6,0,0,0,44,13,19,57,31,0,25,125,69,44,6,0,6,0]",#ff0000,#800000
"Society of Sin",,640692199557955587,https://discord.gg/9vG4zU3,en,https://cdn.discordapp.com/icons/640692199557955587/eea5ee0e927a5b79718d7b1b96cc5d07.png,0,300,36,583,"[56,0,50,32,0,0,6,0,0,0,44,13,19,57,31,0,25,125,69,44,6,0,6,0]",#ff0000,#800000
"Hades' Star Kr",,720515270946586755,https://discord.gg/TR5CJ2p,,https://cdn.discordapp.com/icons/720515270946586755/e295306d24d75ba070c09fc6d00da54e.png,0,177,13,550,"[0,0,0,50,0,0,0,0,0,0,0,50,100,0,50,0,50,0,0,0,200,0,0,50]",#ff0000,#800000
"Odyssee Ltd.",,698803923083067475,https://discord.gg/9KC8Src,de,https://cdn.discordapp.com/icons/698803923083067475/e5244858468772cda75c5c6b98dcff35.png,0,31,4,550,"[0,0,0,0,0,0,50,0,0,0,0,0,50,0,0,0,0,200,150,100,0,0,0,0]",#ff0000,#800000
"Империя Гроксы",,769915595646697473,https://discord.gg/B3VcrZ3ZPh,ru,https://cdn.discordapp.com/icons/769915595646697473/8c95e6c910e36d704892bdfa7e6ae3a1.png,0,70,21,544,"[0,0,0,0,44,156,0,0,0,22,22,100,0,0,0,0,67,89,44,0,0,0,0,0]",#ff0000,#800000
"Star Terror CZ/SK",,731951910671614013,https://discord.gg/fS6K3cd,,https://cdn.discordapp.com/icons/731951910671614013/e2ff8cb0cce898bb67376b39b87a9686.png,0,62,3,520,"[0,0,0,0,0,0,40,0,20,40,20,0,60,120,60,60,20,0,0,80,0,0,0,0]",#ff0000,#800000
"Got Nothing",,1001364365326422087,https://discord.gg/xcfdqvxX3X,en,https://cdn.discordapp.com/icons/1001364365326422087/f59613f19b7237bb868fb9b9665f9027.png,0,68,12,500,"[50,50,0,0,0,0,0,0,0,100,50,200,0,0,0,0,0,0,50,0,0,0,0,0]",#ff0000,#800000
Drachenhort,,579272864524533770,https://discord.gg/uUzDp9k,de,https://cdn.discordapp.com/icons/579272864524533770/ce9ae9d332cc896a25407f66381036a7.png,0,11,0,500,"[0,0,0,0,0,0,100,0,100,100,0,100,0,0,0,0,0,100,0,0,0,0,0,0]",#ff0000,#800000
"Black Sun",,461493331650936852,https://discord.gg/kpnq4jZc56,en,https://cdn.discordapp.com/icons/461493331650936852/eb631aa337d05a9156358935a3a3dc28.png,0,140,9,466,"[67,33,0,0,0,0,0,0,0,0,33,0,133,33,0,0,0,0,0,100,0,0,0,67]",#ff0000,#800000
KRAAPULE,,940769724634132480,https://discord.gg/tHBDmjqPja,fr,https://cdn.discordapp.com/icons/940769724634132480/05f251891839d56df2e847e2cff49ceb.png,2,45,8,460,"[0,0,0,0,0,0,40,0,0,0,60,20,20,0,0,0,60,40,60,140,20,0,0,0]",#ff0000,#800000
"join the lower people one",,1234136494625656882,https://discord.gg/dqW4bytGPe,,https://cdn.discordapp.com/icons/1234136494625656882/d879c2fa093deba8f80ed72edce153b5.png,0,21,1,436,"[57,93,115,10,14,11,2,2,2,5,0,2,0,5,15,26,27,29,2,1,10,1,2,5]",#ff0000,#800000
"Imperio Galacti",,1426500604683092069,https://discord.gg/C2WxT5GFE2,,https://cdn.discordapp.com/icons/1426500604683092069/52a568e2626d758058c29b9c06debfe7.png,0,29,13,421,"[172,36,36,15,3,12,12,9,0,0,0,0,3,0,0,45,18,6,27,0,3,3,9,12]",#ff0000,#800000
"Silly Space",,1535811375463407616,https://discord.gg/V54Q4TD5F,,https://cdn.discordapp.com/icons/1535811375463407616/af82960d62a70d6a538d28ed157ba863.png,0,4,1,419,"[10,9,23,9,0,14,0,0,0,100,28,10,5,5,0,68,0,5,0,37,0,23,68,5]",,
"Drunken Beard Tavern",,588395241304752144,https://discord.gg/vf2sszb,en,https://cdn.discordapp.com/icons/588395241304752144/45c172ea014ae0651835ce67378e5e05.png,0,25,4,408,"[31,25,19,13,0,0,0,6,12,0,75,13,0,6,100,38,13,0,0,0,0,38,0,19]",#ff0000,#800000
"RISING LEGENDS",,615251222248685797,https://discord.gg/jBVymPh,en,https://cdn.discordapp.com/icons/615251222248685797/1b057916788984ea2a1feee7cb73e9e4.png,0,34,3,400,"[0,0,0,0,0,100,0,0,0,100,100,0,0,33,67,0,0,0,0,0,0,0,0,0]",#ff0000,#800000
"𝔖𝔬𝔪𝔢𝔱𝔥𝔦𝔫𝔤",,1483291554654457938,https://discord.gg/uc9qp3rHV9,,https://cdn.discordapp.com/icons/1483291554654457938/f73e06e86c2c1794a7c5917eccbcb5dd.png,0,39,14,399,"[33,37,15,39,32,17,11,100,4,7,4,5,6,3,3,2,0,3,9,10,6,9,20,24]",,
A.R.M.O.R.,,746622085522128957,https://discord.gg/BBRwq4RAyJ,en,https://cdn.discordapp.com/icons/746622085522128957/09f7fb8bef3845e5de6bbe5268417793.png,0,80,6,399,"[83,0,0,0,0,0,0,0,0,0,0,0,0,0,0,0,0,83,0,66,0,0,67,100]",#ff0000,#800000
"Legión",,1285935407523037194,https://discord.gg/Bt9wnjv2Kh,es,https://cdn.discordapp.com/icons/1285935407523037194/76bbbc80e51538343a38714949d336c3.png,0,44,13,389,"[11,156,89,0,0,0,0,0,0,0,0,0,0,0,78,0,11,11,0,0,0,0,0,33]",#ff0000,#800000
"Hades' Star Español",,1414224893561667677,https://discord.gg/AZNx8EkhNC,,,0,70,13,385,"[15,0,10,40,0,0,0,0,0,0,10,15,10,115,15,20,0,0,70,5,0,25,35,0]",#ff0000,#800000
"The Seperatists",,447163900140453909,https://discord.gg/zXEp3p8,en,https://cdn.discordapp.com/icons/447163900140453909/124a9221e21a178b4c988a6600aeddf4.png,0,143,15,382,"[0,0,0,7,18,12,11,7,46,0,18,0,4,0,11,11,18,8,4,104,78,0,4,21]",#ff0000,#800000
"The Seperatists",,447163900140453909,https://discord.gg/uDWGmCa,en,https://cdn.discordapp.com/icons/447163900140453909/124a9221e21a178b4c988a6600aeddf4.png,0,143,13,382,"[0,0,0,7,18,12,11,7,46,0,18,0,4,0,11,11,18,8,4,104,78,0,4,21]",#ff0000,#800000
"Lacuna Station",,498802467254042626,https://discord.gg/BFfSkvu,en,https://cdn.discordapp.com/icons/498802467254042626/b4349d122036339a7cd8f95a015bcd36.png,2,198,25,360,"[5,5,5,5,14,0,0,0,0,0,5,0,23,0,0,0,5,68,110,42,23,23,27,0]",#ff0000,#800000
"L🎯ΝΕ🐺W⦾LF",,712383090923929681,https://discord.gg/S9Fk9Um,en,https://cdn.discordapp.com/icons/712383090923929681/98cc40e4708a3d23317138f91ec684c7.png,0,74,9,338,"[18,4,3,22,3,5,9,2,10,3,5,0,4,7,19,5,12,51,102,6,6,30,4,8]",#ff0000,#800000
"✶ Federativa Varsovia (ꜰᴠ)",,1057069175853555782,https://discord.gg/CkNpwY2KeG,es,https://cdn.discordapp.com/icons/1057069175853555782/9e413849e4ccd7de0acf935bfd8f52f4.png,0,129,20,333,"[0,67,0,0,0,0,0,0,0,0,100,100,0,0,0,0,33,33,0,0,0,0,0,0]",#ff0000,#800000
Vestige,,670343691973689344,https://discord.gg/Y6rN6mZ24d,en,https://cdn.discordapp.com/icons/670343691973689344/2b16253a170e9bc0c60d31e28700941d.png,0,63,9,325,"[0,25,50,0,0,0,0,0,0,0,0,0,0,0,0,0,0,0,0,100,25,0,75,50]",#ff0000,#800000
"Galactic Island",,643645399004872704,https://discord.gg/fvMAqaP,en,https://cdn.discordapp.com/icons/643645399004872704/19bcab05f7a41c7736eea94f32e0331e.png,0,52,14,310,"[0,0,30,0,0,0,0,30,10,0,0,50,50,100,0,0,30,0,0,10,0,0,0,0]",#ff0000,#800000
INEXORABLE,,1008751450760953896,https://discord.gg/3yhvuzqeax,en,https://cdn.discordapp.com/icons/1008751450760953896/b71098f829c8b9757dc6b4b25d521829.png,0,50,12,305,"[0,8,8,8,0,8,0,8,0,0,0,0,41,0,0,0,8,108,0,33,17,25,25,8]",#ff0000,#800000
Curcubeu,,707322608298754208,https://discord.gg/D3hFXU8,,https://cdn.discordapp.com/icons/707322608298754208/03463abe5793b78b4e9a6fdd34bcaff4.png,0,40,5,301,"[0,0,0,0,0,0,0,0,0,33,0,33,0,0,0,17,0,0,118,0,100,0,0,0]",#ff0000,#800000
"Alizar's practice server",,1043333063465246730,https://discord.gg/VwmW7etj5s,,https://cdn.discordapp.com/icons/1043333063465246730/17236fda920433baf7f687aa9db073ea.png,0,24,18,300,"[0,100,100,0,0,0,0,0,0,0,0,0,0,0,0,0,0,100,0,0,0,0,0,0]",#ff0000,#800000
"Türk Yıldızları",,374776871730151426,https://discord.gg/PWDf6QH,,https://cdn.discordapp.com/icons/374776871730151426/317987080e53e25fe8fc1db5ac422162.png,0,88,9,300,"[100,0,0,0,0,0,100,0,0,0,0,0,0,0,0,0,0,0,0,0,0,100,0,0]",#ff0000,#800000
"Pulsar Rising",,387722710307962902,https://discord.gg/JdAZyh5,en,https://cdn.discordapp.com/icons/387722710307962902/6c2eefa941cda660e0f6b685c581c746.png,0,21,3,300,"[0,0,0,0,0,0,0,100,0,0,0,0,0,50,100,50,0,0,0,0,0,0,0,0]",#ff0000,#800000
"Cydonia Order",,925096942726438924,https://discord.gg/37vQspvX4x,en,https://cdn.discordapp.com/icons/925096942726438924/8a3cf5583f7c2bc8dab4b64921b01920.png,0,62,11,291,"[3,6,38,24,0,0,0,0,7,0,0,0,0,0,10,0,3,0,0,0,0,0,197,3]",#ff0000,#800000
"Dark Monarchs",,1392712541049847930,https://discord.gg/tMuajmKzSd,,https://cdn.discordapp.com/icons/1392712541049847930/2d5d6a9fa097e3cce5f2d1abdb78217c.png,0,51,14,285,"[14,0,0,100,0,0,0,0,0,0,0,0,0,14,29,0,43,57,14,0,0,0,14,0]",#ff0000,#800000
Maquis,,786840170723803146,https://discord.gg/MFw42SZJ5W,de,https://cdn.discordapp.com/icons/786840170723803146/5a9095222ade0c4f345e298221c671b9.png,0,62,10,266,"[0,0,0,33,0,133,33,0,0,0,0,0,0,0,0,0,0,0,0,0,0,0,0,67]",#ff0000,#800000
Orion,,670959791836889088,https://discord.gg/YtyNGek,fr,https://cdn.discordapp.com/icons/670959791836889088/742d67189e77a13c002186f8be699198.png,0,100,8,250,"[0,0,0,0,0,0,0,0,0,100,0,0,0,50,0,100,0,0,0,0,0,0,0,0]",#ff0000,#800000
"COMUNIDADE BR-PT/ BRASIL STAR",,1231416850269732938,https://discord.gg/aRvVZWpP9y,,https://cdn.discordapp.com/icons/1231416850269732938/1f559e633edac30c6eb7fbc0dc9f7c83.png,0,43,9,245,"[58,5,3,0,0,0,0,0,8,8,6,5,0,0,14,13,8,3,3,0,8,103,0,0]",,
"Rising Imperium",,680583825717461008,https://discord.gg/p3dTaE9,en,https://cdn.discordapp.com/icons/680583825717461008/a_32bd5615bcd8ae95ddc623316c545584.gif,2,168,23,235,"[0,0,33,0,0,27,0,0,7,7,0,0,0,0,0,0,20,14,0,0,0,0,100,27]",#ff0000,#800000
"sliverdust2023的服务器",,1384053649579315200,https://discord.gg/tBYaCyj2HR,,https://cdn.discordapp.com/icons/1384053649579315200/26bd40d6aeb5848fabbbf26509fb39fa.png,0,11,2,234,"[6,14,14,14,2,2,2,14,6,0,2,0,0,0,2,10,6,10,6,118,0,0,4,2]",#ff0000,#800000
"OntarioDynasty Family of Corps",,419903814313705484,https://discord.gg/gBFFE5x,en,https://cdn.discordapp.com/icons/419903814313705484/2c2c88fb4b1b87e6f156a6bcaa0176f2.png,0,503,38,233,"[16,0,8,0,8,113,13,0,38,4,0,0,4,21,4,0,0,0,0,4,0,0,0,0]",#ff0000,#800000
"Space Dragons",,1415972934224187425,https://discord.gg/WBjvvJtwkU,,https://cdn.discordapp.com/icons/1415972934224187425/4777601f4bc13f220b713528f80afb3a.png,0,21,10,228,"[2,3,0,2,0,5,19,10,0,4,6,2,5,14,5,122,12,13,2,0,2,0,0,0]",#ff0000,#800000
"🔥THE DUMPSTER FIRE🔥",,742390868933083136,https://discord.gg/KD82H754Rt,en,https://cdn.discordapp.com/icons/742390868933083136/4c6f54b60b1f398074b8cfc7c8f7b9e9.png,0,75,9,214,"[63,0,0,0,0,0,0,0,0,0,0,0,0,0,0,0,0,0,0,100,13,38,0,0]",#ff0000,#800000
"IX Hispana",,1271287978165010495,https://discord.gg/DMpDNr24ZE,,https://cdn.discordapp.com/icons/1271287978165010495/b6ee6094591bf7119cd038dfa0475b05.png,0,9,3,208,"[0,21,100,0,0,0,0,0,0,0,0,0,0,0,0,0,0,0,0,0,0,0,21,66]",#ff0000,#800000
"The Internationals",,440497040678453248,https://discord.gg/gBPEdZt,en,https://cdn.discordapp.com/icons/440497040678453248/bbe532156c29c6b2072bf60166f263aa.png,0,310,22,200,"[0,0,0,0,40,0,0,20,0,0,0,20,0,0,0,0,0,0,0,100,20,0,0,0]",#ff0000,#800000
"Quantum Cats",,640288349663264790,https://discord.gg/A7NGXRFB5S,en,https://cdn.discordapp.com/icons/640288349663264790/40b8147d2bd72c5d1637de02a16d1e79.png,0,65,9,200,"[0,0,0,0,0,0,0,0,0,0,0,0,0,100,0,0,0,0,50,50,0,0,0,0]",#ff0000,#800000
"Argentina 1.0",,464110562062630912,https://discord.gg/efSWUgCbaw,es,https://cdn.discordapp.com/icons/464110562062630912/33ef1c74d6d93c7c80a94e04e7c9c491.png,0,41,6,200,"[0,0,0,0,0,0,0,0,0,0,0,0,0,0,0,0,0,0,0,0,0,0,100,100]",#ff0000,#800000
"Soul System",,624381509993889826,https://discord.gg/SpgC2wgyWH,en,https://cdn.discordapp.com/icons/624381509993889826/0030cbbe68fa591714e7a760862f3d67.png,0,70,8,200,"[0,43,0,0,0,0,0,0,0,0,0,43,0,0,0,0,0,0,0,0,14,0,0,100]",#ff0000,#800000
"Argentina 1.0",,464110562062630912,https://discord.gg/nERKEfm,es,https://cdn.discordapp.com/icons/464110562062630912/33ef1c74d6d93c7c80a94e04e7c9c491.png,0,41,6,200,"[0,0,0,0,0,0,0,0,0,0,0,0,0,0,0,0,0,0,0,0,0,0,100,100]",#ff0000,#800000
"帝国军事学院 (Imperial Military Academy)",,581108866767519764,https://discord.gg/ndQgHcT,zh-CN,https://cdn.discordapp.com/icons/581108866767519764/293c0d486211132a94132134a4dde291.png,0,30,4,200,"[0,0,0,100,0,0,0,0,50,0,50,0,0,0,0,0,0,0,0,0,0,0,0,0]",#ff0000,#800000
"Star City",,474452451668393987,https://discord.gg/nUQrjxX,,https://cdn.discordapp.com/icons/474452451668393987/179f9abac20f11f79959297521c098d3.png,0,85,4,200,"[0,0,0,0,0,0,0,0,0,0,0,0,0,0,0,100,0,0,100,0,0,0,0,0]",#ff0000,#800000
GhostNakcoorp,,1015509514218373190,https://discord.gg/jQHaBGnQDa,en,https://cdn.discordapp.com/icons/1015509514218373190/3d38f86135999598260c057f310e5168.png,0,38,11,200,"[0,0,100,0,0,0,0,0,0,0,0,0,0,0,0,0,0,0,0,50,0,0,0,50]",#ff0000,#800000
"Hades Star OPA",,454111568884400141,https://discord.gg/nsbFSMHCcw,en,https://cdn.discordapp.com/icons/454111568884400141/174053070b336d25c536f169b3d222ba.png,0,16,2,200,"[0,100,0,0,0,0,100,0,0,0,0,0,0,0,0,0,0,0,0,0,0,0,0,0]",#ff0000,#800000
"Soul System",,624381509993889826,https://discord.gg/AnvTVEyjZ6,en,https://cdn.discordapp.com/icons/624381509993889826/0030cbbe68fa591714e7a760862f3d67.png,0,70,10,200,"[0,43,0,0,0,0,0,0,0,0,0,43,0,0,0,0,0,0,0,0,14,0,0,100]",#ff0000,#800000
"The Internationals",,440497040678453248,https://discord.gg/2VBVJEQ,en,https://cdn.discordapp.com/icons/440497040678453248/bbe532156c29c6b2072bf60166f263aa.png,0,310,22,200,"[0,0,0,0,40,0,0,20,0,0,0,20,0,0,0,0,0,0,0,100,20,0,0,0]",#ff0000,#800000
"Dark Matter Syndicate",,407664700009086976,https://discord.gg/h4KNtMR,en,https://cdn.discordapp.com/icons/407664700009086976/ee30d7212e528e4e5e2359b67f059ad7.png,0,212,21,200,"[0,0,0,0,0,0,0,0,0,100,0,0,0,0,0,0,0,0,0,0,0,0,0,100]",#ff0000,#800000
"Dragon Army",,443747736555225102,https://discord.gg/mHNs5ZK,en,https://cdn.discordapp.com/icons/443747736555225102/a71eea0cd2f5dcb7e61c5ce2fcc6b71a.png,0,63,5,200,"[0,0,0,0,0,0,0,0,0,0,0,0,0,0,0,0,0,0,57,0,14,100,29,0]",#ff0000,#800000
"Quantum Cats",,640288349663264790,https://discord.gg/bTExZ6d,en,https://cdn.discordapp.com/icons/640288349663264790/40b8147d2bd72c5d1637de02a16d1e79.png,0,65,10,200,"[0,0,0,0,0,0,0,0,0,0,0,0,0,100,0,0,0,0,50,50,0,0,0,0]",#ff0000,#800000
"El chat de Oen",,1268753064051867740,https://discord.gg/bRJjJ7Xr6p,es,https://cdn.discordapp.com/icons/1268753064051867740/bd35f94d13536eda7fd38de6516877cc.png,0,11,1,200,"[0,0,100,0,100,0,0,0,0,0,0,0,0,0,0,0,0,0,0,0,0,0,0,0]",#ff0000,#800000
"Simply Uranus/Space Family",,577728983265968139,https://discord.gg/47Dh2Uk,en,https://cdn.discordapp.com/icons/577728983265968139/6c3fc3650e41adbe37c77df82227375f.png,0,20,3,199,"[0,0,0,0,0,0,0,0,0,0,0,0,0,0,0,0,166,0,0,0,33,0,0,0]",#ff0000,#800000
"Thurn and Taxis",,867112007886438440,https://discord.gg/bHb9g56mhE,en,https://cdn.discordapp.com/icons/867112007886438440/265f9a49487492649bf372c6c6d8eb98.png,0,14,3,190,"[0,36,0,0,0,0,0,0,0,0,0,0,0,0,0,0,0,0,18,100,36,0,0,0]",#ff0000,#800000
"Seasons Corporation",,447661650435375104,https://discord.gg/DcuxrTA,fr,https://cdn.discordapp.com/icons/447661650435375104/a1a7a1f329129bca681585709ef7720e.png,0,173,10,175,"[100,0,0,0,0,0,0,0,0,0,0,0,0,0,0,0,0,0,50,25,0,0,0,0]",#ff0000,#800000
BATTLESQUADRON,,685527515661336576,https://discord.gg/hb9JBGP,fr,https://cdn.discordapp.com/icons/685527515661336576/46ac145e7bf0603f889ce419608983c8.png,0,88,9,166,"[0,0,0,33,0,33,0,0,0,100,0,0,0,0,0,0,0,0,0,0,0,0,0,0]",#ff0000,#800000
"МАРСЮКИ",,594368849261101066,https://discord.gg/3KywRH5,ru,https://cdn.discordapp.com/icons/594368849261101066/35cfda7f888cf58161bee7b68c9f73db.png,0,87,4,160,"[0,0,0,0,0,0,0,0,0,0,0,0,0,0,0,100,60,0,0,0,0,0,0,0]",#ff0000,#800000
"Hades' Star Compendium",,545936087760109568,https://discord.gg/MxbbAvm,,https://cdn.discordapp.com/icons/545936087760109568/136660af00f85ad7530b4b049ef87cbc.png,0,2374,121,159,"[0,0,8,0,0,31,0,0,0,0,4,0,0,0,0,0,12,0,0,0,100,4,0,0]",#ff0000,#800000
"DUNE on Hades’ Star",,407136385682898944,https://discord.gg/wtyyUwCVSB,fr,https://cdn.discordapp.com/icons/407136385682898944/e7b0fb049affcb4b680886cb56b85cc6.png,0,93,9,151,"[0,0,0,0,0,0,0,0,0,0,0,100,0,0,0,0,21,0,5,0,0,15,5,5]",#ff0000,#800000
"The Clubs",,682479756104564775,https://discord.gg/txKs8T9dRm,,https://cdn.discordapp.com/icons/682479756104564775/1232c67215ab8be8503d8dfabccf4037.png,0,1151,51,150,"[100,50,0,0,0,0,0,0,0,0,0,0,0,0,0,0,0,0,0,0,0,0,0,0]",#ff0000,#800000
TacticsHS,,586801375309070347,https://discord.gg/YWtJGJg,,https://cdn.discordapp.com/icons/586801375309070347/37889de2d5212ca9c8528f96e33b4c88.png,0,295,8,150,"[50,0,0,0,0,0,0,0,0,0,0,0,0,0,0,100,0,0,0,0,0,0,0,0]",#ff0000,#800000
"Primeval Forest",,437424547109535745,https://discord.gg/kZvWDzP,en,https://cdn.discordapp.com/icons/437424547109535745/2006f061770970d18f68d3d9751aa9be.png,0,24,2,150,"[100,0,0,0,0,0,0,0,0,0,0,0,0,0,0,0,0,0,0,0,0,0,0,50]",#ff0000,#800000
"Greener Pasture",,447591195196260358,https://discord.gg/JRqnQJX,en,https://cdn.discordapp.com/icons/447591195196260358/09b4f395293f314e00ca33d10ba8888b.png,0,103,11,150,"[50,0,0,0,0,0,0,0,0,0,0,0,0,0,0,0,0,0,0,0,100,0,0,0]",#ff0000,#800000
"柯伊伯带",,1036891200143233044,https://discord.gg/xa5t5sD3Hx,,https://cdn.discordapp.com/icons/1036891200143233044/b1d3f4bf2017dba25c6fff5b538a9f94.png,0,63,5,150,"[0,0,0,0,0,0,50,0,0,0,0,0,0,0,100,0,0,0,0,0,0,0,0,0]",#ff0000,#800000
"Aeon Corp.",,1395253838503608382,https://discord.gg/eMnwY9GNfC,en,https://cdn.discordapp.com/icons/1395253838503608382/35a35f1268fcb3caf3396587f7fac959.png,0,23,5,143,"[14,0,0,0,0,0,0,0,29,0,0,0,0,0,0,0,0,0,0,0,0,0,100,0]",#ff0000,#800000
"WS Community Leaderboard",,800598168906760202,https://discord.gg/a9Vd7QZPt9,,https://cdn.discordapp.com/icons/800598168906760202/832734dbb91c1ed466107c96d683a5d4.png,0,335,34,140,"[0,0,0,0,0,40,0,0,0,0,0,0,0,0,0,0,0,0,0,0,100,0,0,0]",#ff0000,#800000
"The Spanish Inquisition",,624071266122596357,https://discord.gg/grgW2v5,en,,0,71,7,133,"[0,100,0,0,33,0,0,0,0,0,0,0,0,0,0,0,0,0,0,0,0,0,0,0]",#ff0000,#800000
"Empire of Hades",,1418620919513088112,https://discord.gg/GZT9eRdAFk,,,0,5,5,129,"[0,0,0,0,0,0,0,0,0,0,0,0,0,0,0,29,0,0,0,0,0,0,0,100]",#ff0000,#800000
Kratos_HADES_STAR,,1182025479897751625,https://discord.gg/RgusRrPMKT,es,https://cdn.discordapp.com/icons/1182025479897751625/58164e90d9dd92f3995d2647ad12b572.png,0,24,3,128,"[0,0,0,0,0,0,0,0,0,0,0,0,0,0,0,14,100,0,0,14,0,0,0,0]",#ff0000,#800000
"Valhalla Rising",,816829387555078204,https://discord.gg/XPrcvp9hKs,en,https://cdn.discordapp.com/icons/816829387555078204/02606ae840cca6718e0856499d260428.png,0,89,8,120,"[0,0,0,0,0,0,0,0,0,0,0,0,0,0,0,0,0,100,20,0,0,0,0,0]",#ff0000,#800000
Ahamkara,,499676275972243456,https://discord.gg/R8nzDPk,en,https://cdn.discordapp.com/icons/499676275972243456/81ac0984ed0dc00841a2ee2a8fe474e6.png,0,86,15,117,"[0,0,0,0,0,0,0,0,0,0,0,100,0,0,0,0,0,0,0,0,17,0,0,0]",#ff0000,#800000
Lexx,,896196694071455745,https://discord.gg/7KGYvMbPgK,en,https://cdn.discordapp.com/icons/896196694071455745/a1eea69b70812f700582c0fe3a0add99.png,0,18,5,113,"[0,0,0,0,0,0,0,0,0,0,0,0,0,0,0,0,0,0,0,0,100,13,0,0]",#ff0000,#800000
"YETI Collective",,662448288393330718,https://discord.gg/uK6jkes,en,https://cdn.discordapp.com/icons/662448288393330718/9e9a09d4d8919eb3be48d12411cbc93c.png,0,50,11,106,"[0,0,0,0,0,0,0,0,0,0,2,2,0,0,0,0,0,100,0,0,0,0,0,2]",#ff0000,#800000
"Наша Вселенная",,1031190552126955642,https://discord.gg/GtUycuvQVG,ru,https://cdn.discordapp.com/icons/1031190552126955642/d1c225f7a62460d0a67e3cfc06b03645.png,0,13,1,102,"[0,0,0,0,0,0,0,0,0,0,0,2,0,0,0,0,0,100,0,0,0,0,0,0]",#ff0000,#800000
"Brasil Star",,1089548964593926234,https://discord.gg/Zg4uJFvZ2m,,https://cdn.discordapp.com/icons/1089548964593926234/f2ec7fa922d45f0e77657f8b49c8b0a6.png,0,76,9,100,"[100,0,0,0,0,0,0,0,0,0,0,0,0,0,0,0,0,0,0,0,0,0,0,0]",#ff0000,#800000
"Geeves icons",,1028931876485873734,https://discord.gg/kEvumz7QMN,,https://cdn.discordapp.com/icons/1028931876485873734/b810bc1a8bb2fcb26a413b22cbf082c3.png,0,15,5,100,"[0,0,0,0,0,0,0,0,0,0,0,0,0,0,0,0,0,0,0,0,0,0,100,0]",#ff0000,#800000
EZCO,,353019130183680012,https://discord.gg/EcFUQW2yaC,de,https://cdn.discordapp.com/icons/353019130183680012/01d5b2d1f107a6721e294c824d94c0d6.png,0,51,4,100,"[0,0,0,0,0,0,0,0,0,0,0,0,0,0,0,0,0,0,0,0,100,0,0,0]",#ff0000,#800000
"仙女座星雲",,933087751799189554,https://discord.gg/qpYRtFyhUq,zh-CN,https://cdn.discordapp.com/icons/933087751799189554/c825111327195221ff1a5beeb10139c4.png,0,45,2,100,"[0,0,0,0,0,0,0,0,0,0,0,0,0,100,0,0,0,0,0,0,0,0,0,0]",#ff0000,#800000
"Helion Prime",,714946736145301504,https://discord.gg/5qAWdFeQJb,pt,https://cdn.discordapp.com/icons/714946736145301504/e1dfcd9e8af25e781a6f1c51012454cd.png,0,36,7,100,"[0,0,0,0,0,0,0,0,0,0,0,0,0,0,0,0,0,0,0,100,0,0,0,0]",#ff0000,#800000
"InterSpacial Alliance",,1216765841811574814,https://discord.gg/8UFYV8Fpfe,,https://cdn.discordapp.com/icons/1216765841811574814/c9829b7b6cd7b9fc21e89c4931f2d4d0.png,0,103,14,100,"[0,0,0,0,0,0,0,0,0,0,0,0,0,0,0,0,0,0,0,100,0,0,0,0]",#ff0000,#800000
Eretria,,1129953989295865926,https://discord.gg/uUFX2TT2kN,en,https://cdn.discordapp.com/icons/1129953989295865926/a2ad400fc8f508f2967a747596891b76.png,0,42,7,100,"[0,0,0,0,0,0,0,0,0,0,0,0,0,0,0,0,0,0,0,0,0,0,100,0]",#ff0000,#800000
"Noob Hub",,665679452071788585,https://discord.gg/pECD6CY,en,https://cdn.discordapp.com/icons/665679452071788585/526246bced7d9eb858259cf848c2ef52.png,0,48,7,100,"[0,0,0,0,0,0,0,0,0,0,0,100,0,0,0,0,0,0,0,0,0,0,0,0]",#ff0000,#800000
"Galactic Empire",,778306455844552766,https://discord.gg/PPdj8HdB8n,en,https://cdn.discordapp.com/icons/778306455844552766/2c795995b3e3cde8472b251d77080af1.png,0,65,8,100,"[0,0,0,0,0,0,0,0,0,0,0,0,0,0,0,100,0,0,0,0,0,0,0,0]",#ff0000,#800000
"仙女座星雲",,933087751799189554,https://discord.gg/snwFMgDPms,zh-CN,https://cdn.discordapp.com/icons/933087751799189554/c825111327195221ff1a5beeb10139c4.png,0,45,3,100,"[0,0,0,0,0,0,0,0,0,0,0,0,0,100,0,0,0,0,0,0,0,0,0,0]",#ff0000,#800000
"IX Легион",,398761209022644224,https://discord.gg/fc2eg8hNJm,ru,https://cdn.discordapp.com/icons/398761209022644224/7766547b56156ae3d20ffff50fb4804f.png,0,159,7,100,"[0,0,0,0,0,0,0,0,100,0,0,0,0,0,0,0,0,0,0,0,0,0,0,0]",#ff0000,#800000
"ГОРИЗОНТ",,656495834195558402,https://discord.gg/cXWcFw9,ru,https://cdn.discordapp.com/icons/656495834195558402/33b3a254ca31bf994c236f0edafea6c4.png,0,168,8,100,"[0,100,0,0,0,0,0,0,0,0,0,0,0,0,0,0,0,0,0,0,0,0,0,0]",#ff0000,#800000
"АМБРЕЛЛА",,667476007573520406,https://discord.gg/PtMdMwS,ru,https://cdn.discordapp.com/icons/667476007573520406/5633d9c042c4b7982eff8b3d527782dd.png,0,54,2,100,"[0,0,0,0,0,0,0,0,0,0,0,0,0,0,0,0,100,0,0,0,0,0,0,0]",#ff0000,#800000
"НочныеЛьвы H'S",,702531160621842533,https://discord.gg/KFxygYw,ru,https://cdn.discordapp.com/icons/702531160621842533/426da4481c968a324c0dff248a7da150.png,0,70,9,100,"[0,0,0,0,0,0,0,0,100,0,0,0,0,0,0,0,0,0,0,0,0,0,0,0]",#ff0000,#800000
"СОЮЗ",,344044057569394690,https://discord.gg/cc22fFn,ru,https://cdn.discordapp.com/icons/344044057569394690/bd86593999b5f1bb40b3cc3f8fc293d4.png,0,489,6,100,"[0,0,0,0,0,0,0,0,0,0,0,0,0,0,0,0,0,0,0,0,0,0,100,0]",#ff0000,#800000
"Indian Hades Star Server",,852732117875949568,https://discord.gg/p4nZJXFpB7,,https://cdn.discordapp.com/icons/852732117875949568/299e4f5e6908c0d30ddac717f6c50dde.png,0,35,7,100,"[0,0,0,0,0,0,0,0,0,0,0,0,0,0,0,0,0,0,100,0,0,0,0,0]",#ff0000,#800000
"Hades' Star Bulgaria",,434789851301412864,https://discord.gg/J7SYW8E,,https://cdn.discordapp.com/icons/434789851301412864/7875949d870b5c9d236a353d42706944.png,0,17,5,100,"[0,0,0,0,0,0,0,0,0,0,0,0,0,0,0,0,0,0,0,0,100,0,0,0]",#ff0000,#800000
"Yakety's Articats",,389242212204150784,https://discord.gg/bkqeSFB,,https://cdn.discordapp.com/icons/389242212204150784/155961d68fd0fe743fa52544555d78b2.png,0,1554,87,100,"[0,0,0,0,0,0,0,0,0,0,0,0,100,0,0,0,0,0,0,0,0,0,0,0]",#ff0000,#800000
"CloudBot Services",,438499706952482817,https://discord.gg/VxyFCZS,,https://cdn.discordapp.com/icons/438499706952482817/3057ac6d5d23414d1ca78cf238827c8a.png,0,81,7,100,"[0,100,0,0,0,0,0,0,0,0,0,0,0,0,0,0,0,0,0,0,0,0,0,0]",,
"Whitestar Matchmaker Discussion (Temp)",,454331767638458369,https://discord.gg/Cs2vahn,,https://cdn.discordapp.com/icons/454331767638458369/b85cf29e1dafbfb8794fb48e21cd3ebd.png,0,29,1,100,"[0,0,0,0,0,0,0,0,0,0,0,0,0,0,0,100,0,0,0,0,0,0,0,0]",#ff0000,#800000
"Crimson Dawn of Hades Star",,870006511143891015,https://discord.gg/j5GeqTEx6E,en,https://cdn.discordapp.com/icons/870006511143891015/3e9e9fc20862246149d0add454819eb7.png,0,40,1,100,"[0,0,0,0,0,0,0,0,0,0,0,0,0,100,0,0,0,0,0,0,0,0,0,0]",#ff0000,#800000
"Stone Legion",,794989750829973505,https://discord.gg/SZYbjxJSf3,en,https://cdn.discordapp.com/icons/794989750829973505/79ecf441b878bfd2db76e889e12772ec.png,0,45,5,100,"[100,0,0,0,0,0,0,0,0,0,0,0,0,0,0,0,0,0,0,0,0,0,0,0]",#ff0000,#800000
"EGO COMMUNITY",,704691834437369926,https://discord.gg/uEtPGhURY6,en,https://cdn.discordapp.com/icons/704691834437369926/6cc4cff57bd8486f11dce4a536ce27c7.png,0,200,30,100,"[0,0,0,0,0,0,0,0,0,0,0,0,0,0,0,0,0,0,0,0,100,0,0,0]",#ff0000,#800000
"Confederation of H",,709064122372849666,https://discord.gg/7veSp9N,en,https://cdn.discordapp.com/icons/709064122372849666/4c326cb16b8f5924851359287642e6a8.png,0,53,10,100,"[0,0,0,0,0,0,0,0,0,0,0,100,0,0,0,0,0,0,0,0,0,0,0,0]",#ff0000,#800000
Nation,,494018833225351209,https://discord.gg/KQMTCtEwts,en,https://cdn.discordapp.com/icons/494018833225351209/60d623d3b33b1fa0b586d53f4125f6db.png,0,138,12,100,"[0,0,0,0,0,100,0,0,0,0,0,0,0,0,0,0,0,0,0,0,0,0,0,0]",#ff0000,#800000
"Star Fall",,750026326626271373,https://discord.gg/EUmBdCbGye,en,https://cdn.discordapp.com/icons/750026326626271373/26ea831bfcacaaf198e5ab7f317fde49.png,0,39,2,100,"[0,0,0,0,0,0,0,0,0,0,0,0,0,0,100,0,0,0,0,0,0,0,0,0]",#ff0000,#800000
"𝙒𝙄𝙉𝙂𝙀𝘿 𝙋𝙃𝙀𝙊𝙉𝙄𝙓",,487337175873224705,https://discord.gg/TPxbrZ6,en,https://cdn.discordapp.com/icons/487337175873224705/918e2af027bf159bd6d3701125b17e9d.png,0,47,4,100,"[0,0,0,0,0,0,0,0,0,0,0,0,0,100,0,0,0,0,0,0,0,0,0,0]",#ff0000,#800000
"The Goonies",,411565869710442506,https://discord.gg/U8yKTks,en,https://cdn.discordapp.com/icons/411565869710442506/d1746a1ec4fccb04990d538ea45e0310.png,0,141,16,100,"[0,0,0,0,0,0,0,0,0,0,0,0,0,0,0,0,0,0,100,0,0,0,0,0]",#ff0000,#800000
"Xeno eSports",XES,334006956710821888,https://discord.gg/z9cj7FK,en,https://cdn.discordapp.com/icons/334006956710821888/b316494967f2fa2d97f2609070d81a3d.png,1,376,13,100,"[0,0,0,0,0,0,0,0,0,0,0,0,0,0,0,0,0,0,0,0,0,0,100,0]",#32a070,#57b59e
"Durham🐉🦗🐍🐝🦈",,748972117973794836,https://discord.gg/KvRAFd8,en,https://cdn.discordapp.com/icons/748972117973794836/7a862b357e62361f66cc6d35cd41404f.png,0,31,6,100,"[100,0,0,0,0,0,0,0,0,0,0,0,0,0,0,0,0,0,0,0,0,0,0,0]",#ff0000,#800000
"Star Fox HS",,398324773098225666,https://discord.gg/jHHgqYE,en,https://cdn.discordapp.com/icons/398324773098225666/e02d146c8cafd37eb45e1b49e085832b.png,0,19,0,100,"[0,0,0,0,0,0,0,0,0,0,0,0,0,0,100,0,0,0,0,0,0,0,0,0]",#ff0000,#800000
Prosperity,,488099419342897163,https://discord.gg/WARZG9k,en,https://cdn.discordapp.com/icons/488099419342897163/5487a5acd116b0148753b9b8a657285f.png,0,62,5,100,"[0,0,0,0,0,0,0,0,0,0,0,0,0,0,0,0,0,0,0,0,0,100,0,0]",#ff0000,#800000
"𝗡𝟳 Λlliance",,513279980088852491,https://discord.gg/zgRuk78,en,https://cdn.discordapp.com/icons/513279980088852491/0e6353deddacc0535f8f039ea26fce36.png,0,109,9,100,"[0,0,0,0,0,0,0,0,0,100,0,0,0,0,0,0,0,0,0,0,0,0,0,0]",#ff0000,#800000
"System Alliance",,716409212514598973,https://discord.gg/SG7xRvh,en,https://cdn.discordapp.com/icons/716409212514598973/ba71fc62f8dc42427075efac6d67f400.png,0,57,9,100,"[0,0,0,0,0,0,0,0,0,0,100,0,0,0,0,0,0,0,0,0,0,0,0,0]",#ff0000,#800000
"The Time Lords",,317272475627159562,https://discord.gg/Yh2vwwr,en,https://cdn.discordapp.com/icons/317272475627159562/a8dbb863c2271f35869ebbf2decb18fa.png,0,206,8,100,"[0,0,0,0,0,0,0,0,0,0,0,0,0,0,0,100,0,0,0,0,0,0,0,0]",#ff0000,#800000
"The Foundation",,543662696751431680,https://discord.gg/Y5SBYmr,en,https://cdn.discordapp.com/icons/543662696751431680/aba893146741739fc56477408b517707.png,0,69,10,100,"[0,0,0,0,0,0,0,0,0,0,0,0,0,0,0,0,0,0,0,100,0,0,0,0]",#ff0000,#800000
Aconitum,,968478877385129984,https://discord.gg/wRNNFAuGbK,de,https://cdn.discordapp.com/icons/968478877385129984/12a2509c9b65fd500ab3306ea18257b9.png,0,25,2,100,"[0,0,0,0,0,0,0,0,100,0,0,0,0,0,0,0,0,0,0,0,0,0,0,0]",#ff0000,#800000
BornDead,,407168422170853386,https://discord.gg/pfSED65,de,https://cdn.discordapp.com/icons/407168422170853386/777fdbb433c7008663e8bb6a49f13763.png,0,6,0,100,"[0,0,0,0,0,0,0,0,0,0,0,0,0,0,0,0,0,0,0,0,0,0,100,0]",#ff0000,#800000
BOA,,683733785866797056,https://discord.gg/tEAWTWz,de,https://cdn.discordapp.com/icons/683733785866797056/9c7c02cfcde078d9dfd91dea30b68844.png,0,25,4,100,"[0,0,0,0,0,0,0,0,0,0,0,0,0,0,0,0,0,0,0,0,0,100,0,0]",#ff0000,#800000
"ʙṢ-ṢF",,438644431068069899,https://discord.gg/95WWyXqrhQ,de,https://cdn.discordapp.com/icons/438644431068069899/ac83680694c3c7b9b9f08ecb7af5abc4.png,0,219,13,100,"[0,0,0,0,0,0,100,0,0,0,0,0,0,0,0,0,0,0,0,0,0,0,0,0]",#ff0000,#800000
EZCO,,353019130183680012,https://discord.gg/gQ3RU7k,de,https://cdn.discordapp.com/icons/353019130183680012/01d5b2d1f107a6721e294c824d94c0d6.png,0,51,4,100,"[0,0,0,0,0,0,0,0,0,0,0,0,0,0,0,0,0,0,0,0,100,0,0,0]",#ff0000,#800000
"Galaxie détoil - Hades' Star",,978405753373208656,https://discord.gg/SztVQMEkc6,fr,https://cdn.discordapp.com/icons/978405753373208656/c772fc7007c8bf8146f4ed1a525103d3.png,0,8,1,100,"[0,0,0,0,0,0,0,0,0,0,0,0,0,0,0,0,0,0,0,0,0,100,0,0]",,
"Hades Greek Warriors",,632261520427974666,https://discord.gg/pdD2Eqf,,https://cdn.discordapp.com/icons/632261520427974666/20e5165abaafc26d52a86975b9a79029.png,0,11,2,100,"[0,0,0,0,0,0,0,0,0,0,0,0,0,0,0,100,0,0,0,0,0,0,0,0]",#ff0000,#800000
"Hun Avengers",,490815662965522452,https://discord.gg/9SyrBAt,,https://cdn.discordapp.com/icons/490815662965522452/3ead2d5486d4f5b903b470b3d6dea485.png,0,50,7,100,"[0,0,0,0,0,0,0,0,100,0,0,0,0,0,0,0,0,0,0,0,0,0,0,0]",#ff0000,#800000
"Corporação Star Wars",,679487451471151114,https://discord.gg/4Kv5AjvDSW,pt,https://cdn.discordapp.com/icons/679487451471151114/289a98ab27aa4d6f64fe1cd2011bbac2.png,0,27,3,100,"[0,0,0,0,0,0,0,0,0,0,0,0,0,0,100,0,0,0,0,0,0,0,0,0]",#ff0000,#800000
"Gwiezdna Horda",,645645583444344855,https://discord.gg/qWTndzwmtX,pl,https://cdn.discordapp.com/icons/645645583444344855/9dfdbbbaa861ca37fe9c10ab3b6fa297.png,0,44,8,100,"[0,0,0,0,0,0,0,0,0,0,0,0,0,0,0,0,0,0,0,0,0,100,0,0]",#ff0000,#800000
"Friend's Private",,802199497081880597,https://discord.gg/nt5YNCuKrF,,https://cdn.discordapp.com/icons/802199497081880597/59120636735d33432eac79af7455cb54.png,0,8,4,,,#ff0000,#800000
"Backwoods Byte Builders",,574663806928814088,https://discord.gg/BGSjwmc4ZS,,https://cdn.discordapp.com/icons/574663806928814088/16035d8b1bc354868344d1b5f2a6de24.png,0,39,12,,,#ff0000,#800000
"New Dawn Empire",,1274984566477688832,https://discord.gg/ymqnEz7CYK,,https://cdn.discordapp.com/icons/1274984566477688832/75d231a6a0c77e57242ebae6b8f17340.png,0,7,5,,,,
"Geeves Icons 2",,744304686403682375,https://discord.gg/RmPT8Wj9y5,,https://cdn.discordapp.com/icons/744304686403682375/4574a4219cd9e741c35ef01f064e3096.png,0,9,4,,,#ff0000,#800000
"NERF TOY'S",,637749898996875264,https://discord.gg/PWV5CxjxRK,en,https://cdn.discordapp.com/icons/637749898996875264/7429cf60ac54a6466da17b50445589da.png,0,55,7,,,#ff0000,#800000
"Sussy Coloner",,1179462319294652416,https://discord.gg/HANGePWPgf,,https://cdn.discordapp.com/icons/1179462319294652416/c09bc6456469061ce2ca02b8e4707691.png,0,24,6,,,#ff0000,#800000
"Test bots",,1312963372781666364,https://discord.gg/8mJ2XuYtVj,,,0,12,8,,,#ff0000,#800000
Sentencia,,1065394490333990974,https://discord.gg/82JDRzvp3p,,https://cdn.discordapp.com/icons/1065394490333990974/1ce3796ab78d0e27c59895afda8f4319.png,0,18,7,,,#ff0000,#800000
Infos,,798154265335169054,https://discord.gg/gJnmpUzfHm,,https://cdn.discordapp.com/icons/798154265335169054/d058e750a81537dfcaa464d6fbe3b222.png,0,20,17,,,#ff0000,#800000
Foxtale,,1340084081488039936,https://discord.gg/dbbUsfsG34,,https://cdn.discordapp.com/icons/1340084081488039936/9ced81b8554db54686771333b500f352.png,0,6,3,,,#ff0000,#800000
"Server von ThunderD85",,1369231900983689248,https://discord.gg/9gpHUTm9Cm,,,0,2,1,,,#ff0000,#800000
"Pruebas Bots",,1336504648181354610,https://discord.gg/dz9v4wDgGR,,,0,23,10,,,#ff0000,#800000
"Board LG Seville 2018-2019",,285870224899833867,https://discord.gg/HGsQ4nXuVk,,https://cdn.discordapp.com/icons/285870224899833867/de092a137e86998639df2b4e33d853b8.png,0,11,5,,,#ff0000,#800000
"林大头的服务器",,1404133148039581900,https://discord.gg/HtGzaKzvGb,,https://cdn.discordapp.com/icons/1404133148039581900/56d31099a9cc3572f5695e71b6e7f00b.png,0,2,1,,,#ff0000,#800000
"c01的服务器test5761",,792756130988163104,https://discord.gg/4KrXaytzuS,,https://cdn.discordapp.com/icons/792756130988163104/736c2f53b1ee7e306a57ae1e82a9e65f.png,0,7,6,,,#ff0000,#800000
"TheBasics Corp",,1409652440839618665,https://discord.gg/sBcjex5PAm,,https://cdn.discordapp.com/icons/1409652440839618665/cd4bf2e5df48beb03ff1284b4321b599.png,0,6,5,,,#ff0000,#800000
"Test Os",,1435054904388620522,https://discord.gg/Rfg2FZHahD,,,0,3,1,,,#ff0000,#800000
"Music thingy",,407265885095723019,https://discord.gg/GnPR6HswjC,,,0,1,0,,,#ff0000,#800000
General,,1452411687750864918,https://discord.gg/RU5h2zRw5N,,https://cdn.discordapp.com/icons/1452411687750864918/2f9b1933c8c2c4b8c6df661e61270018.png,0,13,4,,,#ff0000,#800000
"𝓔𝓵 𝓼𝓮𝓻𝓿𝓲𝓭𝓸𝓻 (No se que poner)",,1176330174543958106,https://discord.gg/W7MCNUKhWr,,https://cdn.discordapp.com/icons/1176330174543958106/c19c8391995e9d3f5f64fcad2ebff75a.png,0,8,5,,,#ff0000,#800000
"The Foundation",,1500539481542103150,https://discord.gg/ZuTZDqBV8e,,https://cdn.discordapp.com/icons/1500539481542103150/f2808bf00475a8517b0cb96049cf462e.png,0,9,7,,,,
"Bots test",,1247811594524692563,https://discord.gg/AVszXeHV7p,,,0,9,6,,,,
"The Covenant",,1500929725156298926,https://discord.gg/wpzW6GGPks,,https://cdn.discordapp.com/icons/1500929725156298926/9b3a6663363b2d57c877b6dd0b6b6e6b.png,0,5,3,,,,
"Servidor de isaias_save",,1470239328461394144,https://discord.gg/cpDCbeKMBj,,,0,4,2,,,#ff0000,#800000
Trisolaris,,1035547248836214794,https://discord.gg/5zdYh8D28n,,https://cdn.discordapp.com/icons/1035547248836214794/8efe15ba3407e28b83deaf16efb8ab94.png,0,23,3,,,#ff0000,#800000
"Iran Infinity Corp.",,837785242764574791,https://discord.gg/S9P9ZWPN3z,en,https://cdn.discordapp.com/icons/837785242764574791/035cf40c564b85a3ebf922c6d34e0e90.png,0,6,2,,,,
"Three Rivers",,370719546451165186,https://discord.gg/yMyW3B3,en,https://cdn.discordapp.com/icons/370719546451165186/28f5975a824c2eaa8c46d9413762ad4a.png,0,18,1,,,#ff0000,#800000
".NET corp",,357954984349925386,https://discord.gg/C5kswg2,pl,https://cdn.discordapp.com/icons/357954984349925386/d92209135654b7a114e6acfea8f78367.png,0,12,0,,,,
"龙门星团[LONG MEN]",,522997500173615113,https://discord.gg/urPwdCw,zh-CN,https://cdn.discordapp.com/icons/522997500173615113/1aa6a7a84caac223aea9abcd6241897d.png,0,36,0,,,#ff0000,#800000
"The Confederacy",,522551073093844992,https://discord.gg/Nwqbn5m,,https://cdn.discordapp.com/icons/522551073093844992/8a10afbcf354fd12606de13925967468.png,0,10,3,,,,
"Dark Exodus Empire",,1131872047740489800,https://discord.gg/vgrCTD337x,en,https://cdn.discordapp.com/icons/1131872047740489800/c01c0aad308e1f38abb1143c1056276a.png,0,21,3,,,#ff0000,#800000
"New Horizons - Hades Star",,1084586318228639944,https://discord.gg/DYXwRY8AhC,de,https://cdn.discordapp.com/icons/1084586318228639944/41cf40861d2a34d8203e1d0b3bb3266e.png,0,36,5,,,#ff0000,#800000
"gays in space corp discord",,699081035282907136,https://discord.gg/bGSRRrK,en,,0,8,0,,,,
"DN: ENDURANCE",,971796993548632085,https://discord.gg/7npRB4YW4k,,https://cdn.discordapp.com/icons/971796993548632085/3566b656d4e22e36325e5e63d462b7a8.png,0,48,4,,,#ff0000,#800000
HORDE,,707574111416615004,https://discord.gg/8grtenjwvh,,https://cdn.discordapp.com/icons/707574111416615004/1c3aa4f975161270bbc4a8ae08d67d7a.png,0,338,22,,,#ff0000,#800000
RUS,,502643121453137952,https://discord.gg/bZvsczg,ru,https://cdn.discordapp.com/icons/502643121453137952/4968c8e47c36545f2772c754cbc89a49.png,0,110,5,,,#ff0000,#800000
HORNET,,577732221293690890,https://discord.gg/mDSN7yBHJr,ru,https://cdn.discordapp.com/icons/577732221293690890/09fb2f439216e1147bdbfa43d6359d72.png,0,29,1,,,#ff0000,#800000
"Galaxian / SpaceInVaders",,923321841643298906,https://discord.gg/MWNgJNMyEy,fr,https://cdn.discordapp.com/icons/923321841643298906/1b923fb541894e5e3e2d7df723e92a4b.png,0,21,4,,,#ff0000,#800000
IronSpider,,940978569755111447,https://discord.gg/xUDkeBwez9,en,https://cdn.discordapp.com/icons/940978569755111447/5762a5c4eaf724fa22f493f8ad7d51a5.png,0,21,2,,,#ff0000,#800000
"Deez Nut",,897462513711595560,https://discord.gg/NEhe5CCsRS,,https://cdn.discordapp.com/icons/897462513711595560/8cedcec38944f07fa620fbee02a8a0b2.png,0,8,2,,,#ff0000,#800000
Minutemen,,634464932271751224,https://discord.gg/zdnmaGN,en,https://cdn.discordapp.com/icons/634464932271751224/faf4592fe74c9e77f5dd7924c3d1e4dd.png,0,15,2,,,#ff0000,#800000
"UKR Spase",,702127671705993286,https://discord.gg/dppJFm6,,https://cdn.discordapp.com/icons/702127671705993286/a2cc011fba55a2b01ba380cf7a520143.png,0,57,5,,,#ff0000,#800000
"Rebirth LossFarm No.648",,889408204642062356,https://discord.gg/uPYVSUN2NK,,https://cdn.discordapp.com/icons/889408204642062356/5e306d413b5c539a99ad6a2a882757d7.png,0,40,8,,,#ff0000,#800000
"The Ticket Post",,822265414108184606,https://discord.gg/4jvccW2uVd,,https://cdn.discordapp.com/icons/822265414108184606/ac11196a1d912ba472fb3d115caa36d5.png,0,48,3,,,#ff0000,#800000
HORDE,,707574111416615004,https://discord.gg/6Pwdm6JW5H,,https://cdn.discordapp.com/icons/707574111416615004/1c3aa4f975161270bbc4a8ae08d67d7a.png,0,338,21,,,#ff0000,#800000
"Fondation [Fr]",,700791953415209031,https://discord.gg/Uy3ArwPetz,fr,https://cdn.discordapp.com/icons/700791953415209031/c40756fa09bac2e7ca409b245d9fa772.png,0,15,4,,,#ff0000,#800000
"Sailor's Harbour",,618734529028423682,https://discord.gg/DJSGd88,en,https://cdn.discordapp.com/icons/618734529028423682/98d8d9314879128a1186fc1bbff2363b.png,0,100,8,,,#ff0000,#800000
BovinePeacecore,,724917476676075571,https://discord.gg/apwnsrdkX3,en,https://cdn.discordapp.com/icons/724917476676075571/89ebf8188be38c3fabcf64ae554ae866.png,0,8,1,,,#ff0000,#800000
"Federacion de Versalles",,1120904088960380961,https://discord.gg/BDyrNng7ZJ,es,https://cdn.discordapp.com/icons/1120904088960380961/86c5ff0ca38ba9fd6317659d693f71f2.png,0,44,5,,,#ff0000,#800000
"Corp. Estelar",,776321861582848021,https://discord.gg/xx2FU37AeJ,es,https://cdn.discordapp.com/icons/776321861582848021/7e6ec983a9da2859fb0ccdf9f1d519e8.png,0,74,11,,,#ff0000,#800000
"Hades Star(TUSA Corps)",,707079326176247838,https://discord.gg/c9kWUDK,es,https://cdn.discordapp.com/icons/707079326176247838/a49509dc6e18506f0172bc95f19a8edd.png,0,13,3,,,,
Gallaecia,,614475991225729024,https://discord.gg/VjEnT6S,es,https://cdn.discordapp.com/icons/614475991225729024/bc3bbbc0caa56ae66eb32dab6f457d3e.png,0,6,0,,,,
"Alianza SGYP",,602203996043870248,https://discord.gg/BkEVZBh,es,https://cdn.discordapp.com/icons/602203996043870248/9ef0d88870d8c181ddbbd4426d1c79e1.png,0,13,2,,,#ff0000,#800000
"THE BLACK IMPERIUM RP",,710486756549591050,https://discord.gg/AKncku7,es,https://cdn.discordapp.com/icons/710486756549591050/f2f08a4d2f7c76b5d6985e32ff704293.png,0,19,4,,,,
"El Boppe",,717829721324388424,https://discord.gg/xWum74V,es,https://cdn.discordapp.com/icons/717829721324388424/2e03531a0df44262174505a98b4be851.png,0,1,0,,,,
"Phoenix Federation",,724765624747688017,https://discord.gg/8mYwxhS,es,https://cdn.discordapp.com/icons/724765624747688017/958e9c5c4cfc47b98b6ff4e233d10be5.png,0,39,7,,,#ff0000,#800000
"Alfa Reach (Hades' Star)",,629432492537020426,https://discord.gg/C8jvrsR,es,https://cdn.discordapp.com/icons/629432492537020426/5ea875ec5f1758c39ec8f857b0ee247c.png,0,5,0,,,,
"Clan Random (Hade's Star)",,655536830283907075,https://discord.gg/KGJ4duF,es,https://cdn.discordapp.com/icons/655536830283907075/e7b9ddc958e3ff99a614cf4e2a4ebe29.png,0,7,3,,,,
seila,,643628460778061843,https://discord.gg/rVhekkT,es,https://cdn.discordapp.com/icons/643628460778061843/5a1034a46c6fc4efc9dc9a47e4cb33c3.png,0,6,1,,,#ff0000,#800000
"• ☆ OLIMPO ☆ •",,605219669233631232,https://discord.gg/AVJnJST,es,https://cdn.discordapp.com/icons/605219669233631232/0047c27440e605783bf4711ea70b60d4.png,0,6,1,,,,
"VENDETTA   SQUAD",,524350344315011094,https://discord.gg/wR3v7cd,es,https://cdn.discordapp.com/icons/524350344315011094/3d70a5e5842ce0e7b5d47d57563a7ae9.png,0,32,3,,,#ff0000,#800000
"Call of Duty LATAM",,572614585484312587,https://discord.gg/gstWpy6,es,https://cdn.discordapp.com/icons/572614585484312587/9ee3ee731626d43a10576b67678b825c.png,0,3,2,,,,
"hade’s star 星际联盟",,1136637333463121931,https://discord.gg/AKnA5maMnG,zh-CN,https://cdn.discordapp.com/icons/1136637333463121931/34ff83f6886d0788e51c4770c0e18ec7.png,0,2,1,,,,
"龙门训练营",,610653976073076806,https://discord.gg/dAxzXqc,zh-CN,https://cdn.discordapp.com/icons/610653976073076806/11b2b28085cac1d4451d7f4789ad18f3.png,0,11,1,,,,
"第一序列",,953834163734196275,https://discord.gg/U7S2BaueGU,zh-CN,https://cdn.discordapp.com/icons/953834163734196275/21927e892507132f1f29d10360ea2f50.png,0,40,1,,,#ff0000,#800000
"海賊ギルド",,617867711074140180,https://discord.gg/cRFgknNMUZ,ja,https://cdn.discordapp.com/icons/617867711074140180/c1fcda8b080b9f130de1b247ce801a46.png,0,24,0,,,#ff0000,#800000
"华夏舰队",,848964604285812776,https://discord.gg/mNjSnYAM3k,zh-CN,https://cdn.discordapp.com/icons/848964604285812776/bd03cd2963d3156d4f9c3fd224c6ac8b.png,0,26,1,,,,
Canopus,,818017557981691906,https://discord.gg/mMSTwj6TGQ,ja,https://cdn.discordapp.com/icons/818017557981691906/95bbba08a3e183b554329449999c1e45.png,0,20,3,,,#ff0000,#800000
G.O.D,,722711737815531572,https://discord.gg/GmYgcdW,,,0,7,3,,,,
"三体联盟",,627473924787142656,https://discord.gg/ePF7FJm,zh-CN,https://cdn.discordapp.com/icons/627473924787142656/b910e1204801dd8a01f4a0580edf5b9b.png,0,25,2,,,#ff0000,#800000
"Blackhole Base (黑洞基地)",,553248202984521750,https://discord.gg/rRbTPAD,zh-CN,https://cdn.discordapp.com/icons/553248202984521750/808fd77b46b7c0b3e3ae099017085fa8.png,0,10,0,,,,
"哈迪斯作战训练营(HOTC)",,591572412076916738,https://discord.gg/DNdbPfE,zh-CN,https://cdn.discordapp.com/icons/591572412076916738/eca771e5d4d8129ef5dda6542dcaf883.png,0,24,1,,,#ff0000,#800000
"魔道祖师、",,581089938070831125,https://discord.gg/5YymRGB,zh-CN,https://cdn.discordapp.com/icons/581089938070831125/730e72d20b2d0133594e15996fb47f9a.png,0,10,0,,,#ff0000,#800000
"中华银河帝国联邦",,590442273439744001,https://discord.gg/F3Tkmqb,zh-CN,https://cdn.discordapp.com/icons/590442273439744001/1209cca4fc2860325d57c11f1cfa09b5.png,0,20,1,,,#ff0000,#800000
"(HS) Галактика Зла🌟",,1242858898981912696,https://discord.gg/y2m2V3WYtr,ru,https://cdn.discordapp.com/icons/1242858898981912696/04905c0cbb69a92b20c58a07fc5a1a65.png,0,2,0,,,,
"Октябристы",,1159521119880097856,https://discord.gg/XMAWRfxQcD,ru,https://cdn.discordapp.com/icons/1159521119880097856/8db1cd7c0b1d7980a3b05d3454c23677.png,0,35,3,,,#ff0000,#800000
"Свободный Флот",,1062696191575457892,https://discord.gg/6zQ97TaFpS,ru,https://cdn.discordapp.com/icons/1062696191575457892/a90553bac4120e814b3fb982821c3aa8.png,0,67,3,,,#ff0000,#800000
Axiom,,603883518606442516,https://discord.gg/4z7ZTjJkhX,ru,https://cdn.discordapp.com/icons/603883518606442516/fb426814163cfbee677e1b60eb6f0a4a.png,0,64,1,,,#ff0000,#800000
"Торговая Федерация",,448905787650342913,https://discord.gg/E67DY45fPC,ru,https://cdn.discordapp.com/icons/448905787650342913/0c1f180177464e5f6bbee0960830c84d.png,0,62,5,,,#ff0000,#800000
"★ROLEX&ΩMEGA™★",,354347781357305857,https://discord.gg/Ee2JPpu,ru,https://cdn.discordapp.com/icons/354347781357305857/fa776a23c43175d976f20287c9d599a2.png,0,51,8,,,,
Variant,,835837717237596201,https://discord.gg/8HgNbjSGV7,ru,https://cdn.discordapp.com/icons/835837717237596201/a8df1cdf427e406466bdee6011d5876b.png,0,11,0,,,,
"Тёмный Вихрь",,722674058830807090,https://discord.gg/9kjdyf7vKH,ru,https://cdn.discordapp.com/icons/722674058830807090/1025ffd3e2c0e68ff7db76cc1108ac9c.png,0,20,2,,,,
RUS,,502643121453137952,https://discord.gg/X579z5k,ru,https://cdn.discordapp.com/icons/502643121453137952/4968c8e47c36545f2772c754cbc89a49.png,0,110,5,,,#ff0000,#800000
"Любители пива",,794916722880151554,https://discord.gg/C3nffwQkCc,ru,https://cdn.discordapp.com/icons/794916722880151554/0baf5790095e5284ab65f8736cd3773e.png,0,18,0,,,,
"M3K Hades",,633398580194967572,https://discord.gg/kRBZUTYdu9,ru,https://cdn.discordapp.com/icons/633398580194967572/3be59a1a4d0580fe6fbe5a7ccaf9b824.png,0,41,5,,,#ff0000,#800000
Interstellar,,753140000715046952,https://discord.gg/xSKsU5y,ru,https://cdn.discordapp.com/icons/753140000715046952/9c9daa9809049c9dd18a767604123d95.png,0,20,3,,,#ff0000,#800000
"Империя Авалон",,698873269142552586,https://discord.gg/mDTz2rq,ru,https://cdn.discordapp.com/icons/698873269142552586/feb78837ba99f940e11f118660812a41.png,0,9,2,,,,
"Т Е Н Ь",,701707210266247198,https://discord.gg/b3Y9WAE,ru,https://cdn.discordapp.com/icons/701707210266247198/5685314fbd900131c87a9b36d3177f69.png,0,8,1,,,,
"Зелёный сервер",,761997557873770555,https://discord.gg/KqyZBYPfJM,ru,https://cdn.discordapp.com/icons/761997557873770555/8ac5cb2fdaf863b4de023e3037b754a5.png,0,30,3,,,,
"Дыханье дракона",,565971174115377218,https://discord.gg/eHUs4zT,ru,https://cdn.discordapp.com/icons/565971174115377218/8cf7a1dc5c0ac941e03b4de9455d317d.png,0,18,1,,,#ff0000,#800000
"МИФические личности😉",,681237980194537594,https://discord.gg/H9Q5hEz,ru,https://cdn.discordapp.com/icons/681237980194537594/e7ed79a1dfb966cb56403b607f64e2ab.png,0,96,5,,,#ff0000,#800000
"Hades Star",,676403633864048651,https://discord.gg/aUP8pXE,ru,https://cdn.discordapp.com/icons/676403633864048651/cf0bc94d133b83e4c9313f2ba4776246.png,0,6,1,,,,
"Space Korp",,718082231398039603,https://discord.gg/KE8rQPu,ru,https://cdn.discordapp.com/icons/718082231398039603/bcceedd55547007c5286e413d33e841a.png,0,2,1,,,,
DarkMoon,,671557879458693140,https://discord.gg/uWeS6mH,ru,https://cdn.discordapp.com/icons/671557879458693140/21fe8fd594b61da7b94465986e67d9ab.png,0,15,1,,,,
"Ещё один Миф",,775261938246483972,https://discord.gg/YVP3QdjE3d,ru,https://cdn.discordapp.com/icons/775261938246483972/566024bcfcc96a9a56adc2cea70ca4f2.png,0,10,3,,,#ff0000,#800000
"РАЙОН №9",,478349160194506774,https://discord.gg/XHAppa3,ru,https://cdn.discordapp.com/icons/478349160194506774/b9f528cfc1be867664f6c3ba97635612.png,0,7,0,,,,
RussoTuristo@HS,,693357665849573376,https://discord.gg/cusZBTX,ru,https://cdn.discordapp.com/icons/693357665849573376/8b7ae0d842c80c2ea012b9164423b3a9.png,0,6,1,,,,
"ТРУЛЯЛЯ",,669840236179750924,https://discord.gg/Q6PyRNH,ru,https://cdn.discordapp.com/icons/669840236179750924/78739fb064508765e4b2831b1e713ef4.png,0,23,2,,,,
"Hades' star| СИБИРЯК",,438947178053107714,https://discord.gg/KGRdEkV,ru,https://cdn.discordapp.com/icons/438947178053107714/1b036b0875800f5094cfecf6736227ba.png,0,27,1,,,,
"GopStop Royal",,671301543823278080,https://discord.gg/UeED5UC,ru,https://cdn.discordapp.com/icons/671301543823278080/4681c0c831b3cff59e0ec2961ac46b90.png,0,13,3,,,,
"Hades Star тестовый дискорд Гермесов",,575648574348460062,https://discord.gg/vx9VUwj,ru,https://cdn.discordapp.com/icons/575648574348460062/41bef06c457cc912b24e94ec857ae000.png,0,3,0,,,#ff0000,#800000
QuietVortex,,665145535295914004,https://discord.gg/MhDxTeR,ru,https://cdn.discordapp.com/icons/665145535295914004/31a6a3b90bea7abcee6ede7594e38a25.png,0,16,0,,,,
ShaperBurg,,680896549081186388,https://discord.gg/4Cy9cY5,ru,https://cdn.discordapp.com/icons/680896549081186388/f17bfec2cebc2e8413fe1d41c34314aa.png,0,36,4,,,,
TFMC@HS,,618023442914082826,https://discord.gg/BDG4hHd,ru,https://cdn.discordapp.com/icons/618023442914082826/dd1e84ad3e8a6f46dea9a53c91685bb3.png,0,11,1,,,,
"BLACK HOLE..",,656916941516177449,https://discord.gg/pz4KUF7,ru,https://cdn.discordapp.com/icons/656916941516177449/d49cece71303c482420a4cdbb6883d83.png,0,24,2,,,,
X-wing,,616380359554236417,https://discord.gg/cr67TAf,ru,https://cdn.discordapp.com/icons/616380359554236417/008c81e44913950c596023691041af3a.png,0,66,6,,,,
Lanthanum,,523494471149813770,https://discord.gg/7FnbfAM,ru,https://cdn.discordapp.com/icons/523494471149813770/03bd6b79d1688210e9afe86d5a67b8bd.png,0,13,0,,,#ff0000,#800000
"Неудержимые",,464351716637278210,https://discord.gg/q89PsJB,ru,https://cdn.discordapp.com/icons/464351716637278210/7ea1c6ed2c67ec657b5caead7df84705.png,0,19,3,,,#ff0000,#800000
NORMANDY_HADES_star,,474612401946230804,https://discord.gg/dxae9qn,ru,https://cdn.discordapp.com/icons/474612401946230804/bf3f51366234cdb347dd20a3b0ca8e52.png,0,11,0,,,,
VintageTravel,,575528175388590080,https://discord.gg/UwtmSV3,ru,,0,1,0,,,,
HORNET,,577732221293690890,https://discord.gg/2eJsSun,ru,https://cdn.discordapp.com/icons/577732221293690890/09fb2f439216e1147bdbfa43d6359d72.png,0,29,1,,,#ff0000,#800000
"Люди",,608652792092950538,https://discord.gg/bRu4hzV,ru,https://cdn.discordapp.com/icons/608652792092950538/93c7dbfc85f6f4fd9275f4290c6e9e94.png,0,1,0,,,,
"Hades' Star ""K Corp""",,572793525641674752,https://discord.gg/BSySV5d,ru,https://cdn.discordapp.com/icons/572793525641674752/dea817f0c78b34bf92770f91d1ecfce4.png,0,2,0,,,,
Goodwill,,532857150490411008,https://discord.gg/GGEVdqd,ru,https://cdn.discordapp.com/icons/532857150490411008/48a380d1d7e921ba84911c9be634be04.png,0,9,0,,,,
"Alpha Tech",,549487081156509714,https://discord.gg/hezty5C,ru,https://cdn.discordapp.com/icons/549487081156509714/3fe4a135ef087be61106a64033f74c82.png,0,17,2,,,,
"Hades' Star - СССР 2.0",,496576557490372610,https://discord.gg/z2RgAqr,ru,https://cdn.discordapp.com/icons/496576557490372610/fd9caf6ffbd4dcaef99f66e367dcef23.png,0,4,1,,,,
Wenderwolf,,463202612049739820,https://discord.gg/z8bkyKs,ru,https://cdn.discordapp.com/icons/463202612049739820/a26d237f7e147c76f18db224013ccb73.png,0,14,0,,,#ff0000,#800000
"АМG",,580953528055627776,https://discord.gg/PNTUrR9,ru,,0,6,0,,,,
"DL Contact",,591903222294118429,https://discord.gg/S7EYn2p,ru,https://cdn.discordapp.com/icons/591903222294118429/0e6e828be5a0bd5c46c679f764657ce8.png,0,3,0,,,,
HORDE,,707574111416615004,https://discord.gg/9C7yQwj,,https://cdn.discordapp.com/icons/707574111416615004/1c3aa4f975161270bbc4a8ae08d67d7a.png,0,338,20,,,#ff0000,#800000
"Birnak Trade Center",,709649949578756107,https://discord.gg/4f29Ju6pGD,,https://cdn.discordapp.com/icons/709649949578756107/54aa325981174d24812e01b29188d2ef.png,0,349,22,,,#ff0000,#800000
"The Furyan System",,760481068959662081,https://discord.gg/KU4RbqU5z6,,https://cdn.discordapp.com/icons/760481068959662081/3b87ac5d273600a257b39fe00114f349.png,0,117,9,,,#ff0000,#800000
"Hades' Star: Drone Wars",,784359405956366337,https://discord.gg/t6TpSzhFqV,,https://cdn.discordapp.com/icons/784359405956366337/4f2b09c7834f49d22a023147445d8247.png,0,158,12,,,#ff0000,#800000
"White Star Scrims",,701278281621569577,https://discord.gg/T5rYvmh,,https://cdn.discordapp.com/icons/701278281621569577/1bc144d05ff16e3d16f5390bad619ad8.png,0,4,1,,,,
"HADES' STAR ITALIA",,400278302796808192,https://discord.gg/kAVQn9X,,https://cdn.discordapp.com/icons/400278302796808192/46b46184cc4063a9492b365b3216dafc.png,0,41,4,,,#ff0000,#800000
RS11,,648185242993033250,https://discord.gg/RdZtnYW,,https://cdn.discordapp.com/icons/648185242993033250/07f5770f64547609a904872ea6925d6e.png,0,57,4,,,#ff0000,#800000
"Hades' Galaxy Station",,596347232257572864,https://discord.gg/pSGptzp,,https://cdn.discordapp.com/icons/596347232257572864/b06ea8026364b778e9794a55dc8d7c0c.png,0,32,11,,,,
"Bank of Hades - IGBS",,360267731599228930,https://discord.gg/feNt3Kh,,https://cdn.discordapp.com/icons/360267731599228930/16e3a107045e45a2416d041cd3cd4610.png,0,373,20,,,#ff0000,#800000
"White Star League Reporting",,421741742329430027,https://discord.gg/qH2CrV6,,https://cdn.discordapp.com/icons/421741742329430027/f1cc449a0f42a23ab9dde2286cc4ff35.png,0,101,2,,,#ff0000,#800000
"🎮 The Space Bar®",,427534252028985344,https://discord.gg/v2B2jhM,,https://cdn.discordapp.com/icons/427534252028985344/305a59d54bb6f68931d3a8c29f1d92c3.png,0,141,19,,,#ff0000,#800000
"Ultra Competitive Corps",,443408149739864065,https://discord.gg/awfaVww,,https://cdn.discordapp.com/icons/443408149739864065/e1abd81ea1897730cc2c568e7540a048.png,0,31,1,,,#ff0000,#800000
"Hades’ Alliance Federation",,532738059440095233,https://discord.gg/nMDDnPb,,https://cdn.discordapp.com/icons/532738059440095233/f002ddc2041c64c15001d41bbbf48708.png,0,39,7,,,,
"Scar Alliance",,875877936157306890,https://discord.gg/J5kNRjVJM4,en,https://cdn.discordapp.com/icons/875877936157306890/8e6ab46fa3d710981aaf4f168cec63cd.png,0,44,1,,,#ff0000,#800000
"descolador's server",,1007779395743784981,https://discord.gg/p2zBjnCp4g,en,https://cdn.discordapp.com/icons/1007779395743784981/156ff09d9da68cfe25d21045d42c8581.png,0,31,4,,,#ff0000,#800000
"Free Star",,998564792581226506,https://discord.gg/ZZb34hh2dk,en,https://cdn.discordapp.com/icons/998564792581226506/8ad1f83311eaab3da09aba895282e476.png,0,29,8,,,#ff0000,#800000
"Brown Dwarf",,954886462422274088,https://discord.gg/EVkuPD2pCb,en,https://cdn.discordapp.com/icons/954886462422274088/6b7e1dce44614339c933e46cd526043a.png,0,11,1,,,,
RATAS,,1017383153092005919,https://discord.gg/aeZrWpH9YW,en,,0,4,0,,,,
"Star Raiders",,1069150512450121828,https://discord.gg/Rup2ee8DxR,en,https://cdn.discordapp.com/icons/1069150512450121828/12cb484bade1162ddf345981a5e32a96.png,0,17,4,,,,
RedStarRaiders,,382358417874092032,https://discord.gg/8eRdZt9,en,,0,11,0,,,,
"West Worlders",,731636734428839996,https://discord.gg/nCabaKz,en,https://cdn.discordapp.com/icons/731636734428839996/781c065141e9c09f4d26a78d71c3063a.png,0,21,1,,,#ff0000,#800000
W.O.A,,471826121407594507,https://discord.gg/eMsE7sU,en,https://cdn.discordapp.com/icons/471826121407594507/5adfb3e295549f7dd0dbb56f5ca57756.png,0,48,4,,,#ff0000,#800000
"Gravitron Outpost",,840649086239768596,https://discord.gg/JbwWGJ8HXr,en,https://cdn.discordapp.com/icons/840649086239768596/2b4714d6a98b737d9cfab1d017df4a14.png,0,21,3,,,#ff0000,#800000
Bunker,,1077717910564380686,https://discord.gg/2ccJre5Nyb,en,https://cdn.discordapp.com/icons/1077717910564380686/1a7962bf15d7b888f32ecd62117d8fd9.png,0,22,10,,,#ff0000,#800000
Crucible,,963581945684557834,https://discord.gg/98w2mZzkRP,en,https://cdn.discordapp.com/icons/963581945684557834/7e3d91808c22ed097e6737185e7101fd.png,0,4,0,,,,
"Brit Boys",,1009383310859964477,https://discord.gg/KwdJ47jUdY,en,https://cdn.discordapp.com/icons/1009383310859964477/2e1f63161321773e8329f6a061463e10.png,0,11,0,,,#ff0000,#800000
"New Cydonia",,806750707339231272,https://discord.gg/FYhy34xcRk,en,https://cdn.discordapp.com/icons/806750707339231272/0c4cedd07a3b7fd05c17982580bcdd16.png,0,46,6,,,#ff0000,#800000
"From the Fire (Hades Star)",,440885368405884929,https://discord.gg/CZKgPWsD8U,en,https://cdn.discordapp.com/icons/440885368405884929/ef883fd15cc66e80fbd4a2ee50c06f1d.png,0,16,4,,,#ff0000,#800000
OurCorp,,760995869721624597,https://discord.gg/v2gEcwf,en,https://cdn.discordapp.com/icons/760995869721624597/8172677525c34a8428afabd352057a91.png,0,9,4,,,,
"Dying Stars",,854379432398815252,https://discord.gg/upznTnWWUf,en,https://cdn.discordapp.com/icons/854379432398815252/643e2d6058b70175d7bb89549fb46312.png,0,5,1,,,,
"†│Defiant Wolfs│†",,770748846833008701,https://discord.gg/qJgfhc5,en,https://cdn.discordapp.com/icons/770748846833008701/7740a0102d1c62e924f883aeb340ef2a.png,0,29,3,,,#ff0000,#800000
"Void Dominion",,755946168059560046,https://discord.gg/YUuTnRD5ZB,en,https://cdn.discordapp.com/icons/755946168059560046/6287dc98b70c8b0e7e0efce4624dd9ea.png,0,22,3,,,#ff0000,#800000
"The Dominion",,800747322911752212,https://discord.gg/BZ6FTc6T3P,en,https://cdn.discordapp.com/icons/800747322911752212/accf556e1a004994232301d9ba9aa02b.png,0,18,2,,,#ff0000,#800000
Heroes,,742516423351599178,https://discord.gg/rRWmbv54wU,en,,0,10,0,,,,
"Knights Ronin",,745252935050592286,https://discord.gg/Bhwx3qj,en,https://cdn.discordapp.com/icons/745252935050592286/34309a2a53f273a7fa04660c6028a2b9.png,0,10,4,,,,
"Wispered Storm",,736141246795350047,https://discord.gg/DnMyrVzXRd,en,https://cdn.discordapp.com/icons/736141246795350047/c38b5ea1d039675f462fecaaa527cc1b.png,0,73,9,,,#ff0000,#800000
"Iran Infinity Corp.",,837785242764574791,https://discord.gg/nqmC7gurr6,en,https://cdn.discordapp.com/icons/837785242764574791/035cf40c564b85a3ebf922c6d34e0e90.png,0,6,2,,,,
"Game Dev Journey",,838433081106497546,https://discord.gg/vp96uXhZNc,en,https://cdn.discordapp.com/icons/838433081106497546/afae173fd4ce2782dcece646f6377443.png,0,12,3,,,,
"HS ⁝ SPEAKEASY",,461449582396571649,https://discord.gg/q2qzGqr,en,https://cdn.discordapp.com/icons/461449582396571649/199e2cf5d5631d013265be5443241f6b.png,8,32,3,,,#ff0000,#800000
"STAR Alliance",,683197193196142738,https://discord.gg/xx7qstu,en,https://cdn.discordapp.com/icons/683197193196142738/bb9c7283b10a6f1b62da21fa416cfaea.png,0,6,0,,,,
AcceptableRisk,,588401477635145755,https://discord.gg/b7cNRRt,en,https://cdn.discordapp.com/icons/588401477635145755/342299ed3dcb9c881644aeb79c7cd8c9.png,0,5,0,,,,
"Hades' Star Qonqr Corp",,632771297495220255,https://discord.gg/bbDaVd5,en,https://cdn.discordapp.com/icons/632771297495220255/4f9ff4cfabc22dd274c1242b5255736b.png,0,11,2,,,#ff0000,#800000
"HoneckerTJ server",,798471745707311114,https://discord.gg/uE6zqgMEWG,en,,0,5,0,,,,
"V.E.G.A Corp Discord Server",,793687522559393833,https://discord.gg/XNygNpMXGF,en,https://cdn.discordapp.com/icons/793687522559393833/e98fcd0eae28560fd85defffe42b72b9.png,0,9,2,,,,
Catsamu,,812917495564206142,https://discord.gg/wSuzcy3XsR,en,https://cdn.discordapp.com/icons/812917495564206142/66d0eff75b33ff1d64bd8e6aeaf233f0.png,0,12,2,,,,
"IRC Squad",,766143493923274753,https://discord.gg/X7TYpuz8zB,en,https://cdn.discordapp.com/icons/766143493923274753/f8eee7bb9193c0951438d9545b1e925c.png,0,15,2,,,#ff0000,#800000
"Notes of Ranvier",,787537920101318686,https://discord.gg/sZtA7f8tWC,en,https://cdn.discordapp.com/icons/787537920101318686/dc9a0e4e0ffa5347ed2524a80b02918e.png,0,13,5,,,#ff0000,#800000
DRS,,348908921404129283,https://discord.gg/sYAuq5vAD4,en,https://cdn.discordapp.com/icons/348908921404129283/fc29fe91cbfed308eed5a8650b3d3342.png,0,134,16,,,#ff0000,#800000
"@ncient £ibrary",,671391927089889290,https://discord.gg/GjMTFhN,en,https://cdn.discordapp.com/icons/671391927089889290/b5c7e569519202b6a6a84350c73e05b5.png,0,59,12,,,#ff0000,#800000
Heavens,,463168966404079659,https://discord.gg/TJuKzyR,en,https://cdn.discordapp.com/icons/463168966404079659/57fd98a8ea01e130309d154a0fbb4315.png,0,3,0,,,,
"Back Of The Bus",,789613735014039552,https://discord.gg/ExdxEKXv5x,en,https://cdn.discordapp.com/icons/789613735014039552/2736d2a98a26692da9e4df3dcfe60d4d.png,0,48,6,,,#ff0000,#800000
"Shadow Lords",,614295796027883520,https://discord.gg/QDcWBFKnU2,en,https://cdn.discordapp.com/icons/614295796027883520/66f876597e4ce1d4a437b0ef97602bd9.png,0,27,7,,,#ff0000,#800000
"Hades Star Anomaly",,753033967640510595,https://discord.gg/bu8fsW4,en,https://cdn.discordapp.com/icons/753033967640510595/0b87f343426d7bb562240ce7c6f9459d.png,0,21,4,,,#ff0000,#800000
"Coop Ch.",,726801189890556094,https://discord.gg/8rM7VWk,en,https://cdn.discordapp.com/icons/726801189890556094/f3c6680bff4012fbe80a065735b8a2fa.png,0,5,0,,,#ff0000,#800000
"Novana Gaming - Hades' Star",,726474570676306042,https://discord.gg/TcQcQt9,en,https://cdn.discordapp.com/icons/726474570676306042/b7ab11d59ae77fc5dc3a297b7dc5056c.png,0,3,2,,,#ff0000,#800000
"Orion's Blade",,618187588330717200,https://discord.gg/965eeXp,en,https://cdn.discordapp.com/icons/618187588330717200/4e9cede594ed48a7567e7812bd89d228.png,0,20,3,,,,
"Peaky Blinders",,456565942307258378,https://discord.gg/VqmjvZbgYM,en,https://cdn.discordapp.com/icons/456565942307258378/44bf701e110b3e4d887120ae84bfcaed.png,0,11,1,,,#ff0000,#800000
"Space Ghost Alliance Boot Camp",,557040423193935912,https://discord.gg/3JQBjBP,en,https://cdn.discordapp.com/icons/557040423193935912/0de284ce0690be1823e8a554d161aa8e.png,0,31,3,,,,
"CubeTech Blue",,475475783394263041,https://discord.gg/MVxsdU2,en,https://cdn.discordapp.com/icons/475475783394263041/55d7fd8b17c05c40dc85fbd8a70b4618.png,0,15,4,,,,
"Dark Skai",,678663851264442402,https://discord.gg/cP867D5,en,https://cdn.discordapp.com/icons/678663851264442402/1fd0abfa5d879819c171c7c1a441d559.png,0,87,10,,,#ff0000,#800000
"Star Reapers",,437666793843326976,https://discord.gg/k3Css7Y,en,https://cdn.discordapp.com/icons/437666793843326976/24a5c53dccbeb2234d1670c278345a48.png,0,33,4,,,,
"Star Raiders",,499756068252024852,https://discord.gg/45nvtbZ,en,https://cdn.discordapp.com/icons/499756068252024852/5a9b774252127e394883511304319610.png,0,28,4,,,,
"PHOENIX Officers Lounge",,573557289743548427,https://discord.gg/kNHGhJaSX4,en,https://cdn.discordapp.com/icons/573557289743548427/718b59dc8a1157649c3d4b80f0a55407.png,0,28,4,,,#ff0000,#800000
"sith empire",,607363750298910731,https://discord.gg/fWvX8tK,en,https://cdn.discordapp.com/icons/607363750298910731/60e69801125aebed428c67c0d0ab3c77.png,0,3,1,,,,
"Hades' Star - Sith Empire",,402383475170082816,https://discord.gg/uc7ftdC,en,https://cdn.discordapp.com/icons/402383475170082816/8ebe582c9a160dabfa3732586a3cff27.png,0,7,1,,,#ff0000,#800000
"Justice League",,433085293109968896,https://discord.gg/uTmqaCRwEF,en,https://cdn.discordapp.com/icons/433085293109968896/6cbfbf3eae6a4941329304cdba089547.png,0,22,1,,,#ff0000,#800000
"The Wacky Club",,600232871537410069,https://discord.gg/Y677spwYx9,en,https://cdn.discordapp.com/icons/600232871537410069/2dcb45828c83a681da3eeae07e2860ef.png,0,84,9,,,#ff0000,#800000
"The Covenant",,778326617218351144,https://discord.gg/qFV6DFGD2t,en,https://cdn.discordapp.com/icons/778326617218351144/e07cec641652f2b73e8f09cb383403cd.png,0,19,7,,,,
"First Squad",,489441270176153600,https://discord.gg/TFuNnJA,en,https://cdn.discordapp.com/icons/489441270176153600/d24be513506733909792d591e65da8fc.png,0,68,3,,,#ff0000,#800000
Draconis,,761906862106738698,https://discord.gg/JESPDKX,en,https://cdn.discordapp.com/icons/761906862106738698/e2556c82b0ed1369b54feba297b01453.png,0,25,4,,,#ff0000,#800000
"Foreshadowing 2.0",,520998472829239296,https://discord.gg/3vcpUw33ew,en,https://cdn.discordapp.com/icons/520998472829239296/9143e910647e24ed32aca1976148b0d1.png,0,73,2,,,#ff0000,#800000
"Founders Realm",,765715591293698071,https://discord.gg/qW2NzkZgXm,en,https://cdn.discordapp.com/icons/765715591293698071/e61984d642ca30ccfe885e9ae732101e.png,0,11,1,,,,
"Gang of Nerds",,738085285476433930,https://discord.gg/6GRd2D6,en,https://cdn.discordapp.com/icons/738085285476433930/6f172fdfa2bba76e1c08e21119d30d81.png,0,10,2,,,,
"Server di Dedal19",,718718901227094047,https://discord.gg/8FUm6Ta,en,https://cdn.discordapp.com/icons/718718901227094047/ac209082941b6ec38b1dd16e1ef982e2.png,0,1,0,,,,
"H3LL FLAY3RS",,674931995360362496,https://discord.gg/4U7EN7x,en,https://cdn.discordapp.com/icons/674931995360362496/bd53a28f4786e0a142ec945d0acb857b.png,0,77,13,,,#ff0000,#800000
misfits,,756699568720052265,https://discord.gg/DhAfxet,en,https://cdn.discordapp.com/icons/756699568720052265/0030bf4c50daa323150f81b5c3bcead5.png,0,7,4,,,,
"Sons of Liberty",,714167639689265194,https://discord.gg/pMBcfee,en,https://cdn.discordapp.com/icons/714167639689265194/5e8f4b51acad817c1b0bd42f93cc73b7.png,0,16,4,,,#ff0000,#800000
Gems,,749016065207697548,https://discord.gg/zWvbQUF,en,,0,3,2,,,,
"The Round Table",,735788509226336346,https://discord.gg/b8VCJrC,en,https://cdn.discordapp.com/icons/735788509226336346/f527554634b2b374bbfef982dae760d2.png,0,6,0,,,,
"Middle Of Nowhere",,761323151753478215,https://discord.gg/cKe7eNwCNZ,en,https://cdn.discordapp.com/icons/761323151753478215/704413a550103e0868e89ffc8d674190.png,0,53,7,,,#ff0000,#800000
"Hade's star USA Corp",,687326379993464841,https://discord.gg/qvXDRKy,en,https://cdn.discordapp.com/icons/687326379993464841/91229f1298f75ac7e9166a7837bf62ca.png,0,11,1,,,,
BovinePeacecore,,724917476676075571,https://discord.gg/qqG2B8P,en,https://cdn.discordapp.com/icons/724917476676075571/89ebf8188be38c3fabcf64ae554ae866.png,0,8,1,,,#ff0000,#800000
"SGP Warriors",,732155586413723658,https://discord.gg/PEdk85y,en,https://cdn.discordapp.com/icons/732155586413723658/3af9c3f0b0e46aff499a3c86d33d47e7.png,0,29,3,,,#ff0000,#800000
OrderZERO,,449674842992541719,https://discord.gg/2gPweGP,en,https://cdn.discordapp.com/icons/449674842992541719/568d242a81399e441afadaff42aabca9.png,0,23,1,,,,
"Darkstar Company",,714121394824413204,https://discord.gg/BH4UKjk,en,https://cdn.discordapp.com/icons/714121394824413204/838a446eafd37ba503de09d144897460.png,0,71,10,,,#ff0000,#800000
"Avabel Online",,675001763123822592,https://discord.gg/ndRBSfv3gJ,en,https://cdn.discordapp.com/icons/675001763123822592/ab7f652ba1ac9281a2c604cc5ef8fde7.png,0,43,7,,,#ff0000,#800000
SG-1,,732287493214306406,https://discord.gg/UpS42hA,en,https://cdn.discordapp.com/icons/732287493214306406/f39444a5ee795cf369b7c13ebb0aefaf.png,0,6,2,,,,
"Paik Corp",,485459917948452877,https://discord.gg/ZT5cTmH,en,https://cdn.discordapp.com/icons/485459917948452877/919ed5eb42a38b7759496eee75149110.png,0,29,4,,,#ff0000,#800000
HadesInfiniteLoop,,448520019861700619,https://discord.gg/mdv8c9P,en,https://cdn.discordapp.com/icons/448520019861700619/e49150307e09a78147e1909c37130f7b.png,0,7,2,,,,
SALTARDIS,,720560830894047274,https://discord.gg/jysZv8D,en,https://cdn.discordapp.com/icons/720560830894047274/2738d469e9fe99c43288098fb99e447e.png,0,42,4,,,#ff0000,#800000
"The Fracture",,704404110216265930,https://discord.gg/ksvMkFT,en,https://cdn.discordapp.com/icons/704404110216265930/148c513cb0f7dfe8fc0e48684f61f6a4.png,0,19,3,,,#ff0000,#800000
EradicatorElite,,447294030829846528,https://discord.gg/kUd5kaC,en,https://cdn.discordapp.com/icons/447294030829846528/0f94292699b8a806046af531b6393486.png,0,42,3,,,#ff0000,#800000
"Free Space Alliance",,667376752024092706,https://discord.gg/wVGNEvv,en,https://cdn.discordapp.com/icons/667376752024092706/074ae0bfcc61e4694dc5805135f8dc76.png,0,56,8,,,#ff0000,#800000
"The TARDIS / Time Lords",,556516030634131459,https://discord.gg/VyUtJZG,en,https://cdn.discordapp.com/icons/556516030634131459/06dc62ee9caca8278b88528cf79fa42b.png,0,13,3,,,,
"Galactic Force",,599558456210620426,https://discord.gg/VPyPqRy,en,https://cdn.discordapp.com/icons/599558456210620426/53e1440306f8a0e5882228f4c2fb47d3.png,0,47,9,,,#ff0000,#800000
Wranglers,,724017385551429723,https://discord.gg/7ahs5BH,en,https://cdn.discordapp.com/icons/724017385551429723/65d71fb554b7af573e9ac514363b6ffd.png,0,8,2,,,,
"Empire of Who",,659145879164551168,https://discord.gg/PdeBhBa,en,https://cdn.discordapp.com/icons/659145879164551168/ed7b2fde820e1c72098a189ee3129352.png,0,6,0,,,,
"Nodens Provisio",,743410983636041768,https://discord.gg/GWA38Gx,en,,0,5,0,,,,
"The Paradiso Family",,686118786625044489,https://discord.gg/CkQfp5t,en,https://cdn.discordapp.com/icons/686118786625044489/c06a04e3fb26335be8a0f541f831539f.png,0,69,7,,,#ff0000,#800000
"OMG's Basement",,756321205656485898,https://discord.gg/hR7Ufux,en,https://cdn.discordapp.com/icons/756321205656485898/88e7a97c0267f19d88df6ccfee4ea14b.png,0,20,2,,,,
"Blood Brigade",,750596548324229130,https://discord.gg/z3mz7aR,en,https://cdn.discordapp.com/icons/750596548324229130/5f3f261639bc090aaa8169ea5082d904.png,0,85,11,,,#ff0000,#800000
"Raynor's Raiders",,715174783691653120,https://discord.gg/KpW7jea,en,https://cdn.discordapp.com/icons/715174783691653120/96f3a45eb13b5feb637954de25a8a8f5.png,0,12,3,,,#ff0000,#800000
Apotheosis,,732961290464657499,https://discord.gg/BrKgptx,en,https://cdn.discordapp.com/icons/732961290464657499/30ad473d6d2d1469f023a5846168fe09.png,0,4,1,,,,
"White Star High Command",,734409570411348030,https://discord.gg/GVZdt4G,en,,0,2,0,,,,
"Oblivion Co.",,766707227859484682,https://discord.gg/MAyBTvFVAC,en,,0,7,1,,,,
Zoomers,,712960832513900556,https://discord.gg/tN2Jupb,en,https://cdn.discordapp.com/icons/712960832513900556/37303c7d0fa4343c176b797033f15cf3.png,0,1,0,,,,
"Fort Boris",,738260075730173962,https://discord.gg/T2J8xv6,en,https://cdn.discordapp.com/icons/738260075730173962/23a721d14fedb5a4cb4925790b79638b.png,0,6,1,,,,
"Boon Corp",,738560710275235840,https://discord.gg/nTRm698,en,https://cdn.discordapp.com/icons/738560710275235840/8aaeb235f125aba5c97d30e504c8a8c3.png,0,6,1,,,,
"Light Warriors",,694208658652790826,https://discord.gg/JMRzWzpCJt,en,https://cdn.discordapp.com/icons/694208658652790826/8c9f8e1c93f37eea5d2196300d1b7209.png,0,37,7,,,#ff0000,#800000
"Knights Order",,664852180066631680,https://discord.gg/7A257Br,en,https://cdn.discordapp.com/icons/664852180066631680/69ec144ff10f3848328e1dea7d50a5c0.png,0,29,6,,,#ff0000,#800000
TheRoyalKingdom,,689858627623846033,https://discord.gg/hne7Wbt,en,https://cdn.discordapp.com/icons/689858627623846033/672e180b91d507e732bdcc53a830ce92.png,0,9,2,,,,
Celcians,,720177623078273046,https://discord.gg/45BRevh,en,https://cdn.discordapp.com/icons/720177623078273046/1ca5b18a24f67509b54ac799a34e82d8.png,0,6,0,,,,
"Duct Tape Collective",,703516616905850930,https://discord.gg/2VE2cpQ4Td,en,https://cdn.discordapp.com/icons/703516616905850930/89dacdef3d1558cf3405538fb00384b6.png,0,28,5,,,#ff0000,#800000
"The Outfit - Hades Star",,641365778716819476,https://discord.gg/8PNKN2D,en,https://cdn.discordapp.com/icons/641365778716819476/ccc142e1cbc42691933394e8cc77d53f.png,0,13,0,,,#ff0000,#800000
"Peak Extraction",,731048964568121377,https://discord.gg/5nhshGd,en,https://cdn.discordapp.com/icons/731048964568121377/e4571cb6ec1c8a2392c063cade53edac.png,0,26,5,,,,
"Embargo Incorporated",,722147222493593671,https://discord.gg/mTq7JfV,en,https://cdn.discordapp.com/icons/722147222493593671/f692a374c5d9fc308e84e1d8565f35e9.png,0,16,1,,,#ff0000,#800000
"Dirtstar Corp",,713811286634397776,https://discord.gg/bMM8myg,en,https://cdn.discordapp.com/icons/713811286634397776/3ed312a878487079c6c93375853eff1f.png,0,7,0,,,,
Peripherals,,676319708370173967,https://discord.gg/CtZQCSx,en,,0,3,1,,,,
"Hades’ Star - Cosmic Chaos",,705571195839578154,https://discord.gg/eM3XwaB,en,https://cdn.discordapp.com/icons/705571195839578154/2bc61745705510883306f09adbcf4a02.png,0,19,4,,,#ff0000,#800000
"Sailor's Harbour",,618734529028423682,https://discord.gg/pSNXhtx,en,https://cdn.discordapp.com/icons/618734529028423682/98d8d9314879128a1186fc1bbff2363b.png,0,100,9,,,#ff0000,#800000
WARenik,,688470651429978186,https://discord.gg/AvGJgKF,en,https://cdn.discordapp.com/icons/688470651429978186/641ab7fb169a06c88bbd7cadf3cf7f45.png,0,8,1,,,,
Schmeltzerville,,723677640883437608,https://discord.gg/WCdEqwN,en,https://cdn.discordapp.com/icons/723677640883437608/6c1bb3f4dfd7cc4cbf2408a9f1e41809.png,0,11,3,,,#ff0000,#800000
"@ncient £ibrary",,671391927089889290,https://discord.gg/6UQ7kSS,en,https://cdn.discordapp.com/icons/671391927089889290/b5c7e569519202b6a6a84350c73e05b5.png,0,59,11,,,#ff0000,#800000
"High Velocity",,688876492490539160,https://discord.gg/tCarsek,en,https://cdn.discordapp.com/icons/688876492490539160/737a081d9d1a66633f6e56e361175c99.png,0,15,4,,,#ff0000,#800000
"Dragon Star Corporation",,704167852554453093,https://discord.gg/mf7Ujm8,en,https://cdn.discordapp.com/icons/704167852554453093/d625a2b32f1d6eb792693536515daead.png,0,9,1,,,,
"Anarchy Unlimited Community",,296409096842641408,https://discord.gg/xs9gWQv,en,https://cdn.discordapp.com/icons/296409096842641408/d632a59a93dd2fccc0a2b8c90bfdb911.png,0,133,7,,,#ff0000,#800000
"Frayed Ends Of Sanity",,618431812221534208,https://discord.gg/6KeQ3HB,en,https://cdn.discordapp.com/icons/618431812221534208/2cba187e8b32dbdd8251469cfe679530.png,0,29,7,,,#ff0000,#800000
"cazzoni corp",,690758383275474964,https://discord.gg/NZc2MX7,en,https://cdn.discordapp.com/icons/690758383275474964/88dbd860c85dc523e696401c030d88bb.png,0,2,0,,,,
"The Conquerors",,543491247008907264,https://discord.gg/NvVNG4c,en,https://cdn.discordapp.com/icons/543491247008907264/a193788448e4f0c229739852973df936.png,0,5,1,,,,
"Crystal Peak",,700844456760442917,https://discord.gg/Wg6evff,en,https://cdn.discordapp.com/icons/700844456760442917/600bc2e786de7ba8180c06abb8dc26d4.png,0,10,6,,,,
"Black Sweat Corp",,691500022222553138,https://discord.gg/uReZgN8,en,https://cdn.discordapp.com/icons/691500022222553138/84f0afee4578f8d5001883e38fa2741f.png,0,21,6,,,#ff0000,#800000
"Galactic Empire.old",,633695988346912768,https://discord.gg/8EqajMX,en,https://cdn.discordapp.com/icons/633695988346912768/c9a2f7d6324726b1adbd16f9d4ea4df6.png,0,9,3,,,,
"Rocinante_HS Server",,683704601672941637,https://discord.gg/yrY2e75,en,https://cdn.discordapp.com/icons/683704601672941637/2a5cdad895f4810afc253fc04dfc07c6.png,0,31,2,,,#ff0000,#800000
RedDwarfDisc,,480392374217080832,https://discord.gg/pGs8sED,en,https://cdn.discordapp.com/icons/480392374217080832/c07043911133fc3fabcbd7fb6237e3fa.png,0,20,1,,,#ff0000,#800000
"Delta Strike",,549037824922484746,https://discord.gg/qRMQn7y,en,https://cdn.discordapp.com/icons/549037824922484746/6f4ba2bc2ced6be3148d0a1922715751.png,0,69,12,,,#ff0000,#800000
HS-Herd,,426583222969827328,https://discord.gg/uxejmyk,en,https://cdn.discordapp.com/icons/426583222969827328/c1deedd97ff22eeac4f785ddbc04c116.png,0,37,3,,,#ff0000,#800000
"Phoenix Corp",,661725050549829693,https://discord.gg/vW5NPQn,en,https://cdn.discordapp.com/icons/661725050549829693/7097df3eb149c268ecd46e61aed84324.png,0,10,1,,,,
wagtails,,664311812287627282,https://discord.gg/6SFYppP,en,https://cdn.discordapp.com/icons/664311812287627282/24ee37634586c408571eed22dafd2c65.png,0,1,0,,,,
"Salamanders HS",,381847283781861376,https://discord.gg/eBUZTqn,en,https://cdn.discordapp.com/icons/381847283781861376/e0ad3d88c62f8e19a8f7911138dba222.png,0,42,3,,,#ff0000,#800000
Galaxia,,436317305086148608,https://discord.gg/WYxdS2z,en,https://cdn.discordapp.com/icons/436317305086148608/cf06e897662573d5c93a0072e98c067d.png,0,182,19,,,#ff0000,#800000
"Irish Pride Hades",,585410846302142475,https://discord.gg/KfUphGp,en,https://cdn.discordapp.com/icons/585410846302142475/97ec03728e89433759384bdc86cf149b.png,0,28,5,,,,
"Pandora Star",,505637938877693952,https://discord.gg/RceMwJq,en,https://cdn.discordapp.com/icons/505637938877693952/038303ae6d3f364173b3da6a827987a7.png,0,32,2,,,#ff0000,#800000
NO1,,637341525470347264,https://discord.gg/VtMDh6b,en,https://cdn.discordapp.com/icons/637341525470347264/e50375da951be7b337bdfc4e5f8d2f89.png,0,2,0,,,,
H.S.G.H.E.,,432116253705109504,https://discord.gg/Ect2hd4,en,,0,12,3,,,#ff0000,#800000
"Renegade Empire",,678333075670695979,https://discord.gg/6r2GzhY,en,https://cdn.discordapp.com/icons/678333075670695979/90296cf9ca38961ca7e019275d423952.png,0,8,1,,,,
"SPACE ANOMALIES",,580972901445140500,https://discord.gg/vndpWu5,en,https://cdn.discordapp.com/icons/580972901445140500/15eaa402faf0b25cba1a1d38806c74e1.png,0,44,7,,,#ff0000,#800000
"Commander Cody and the Lost Planet Airmen",,282193077857419267,https://discord.gg/vcVqQUy,en,https://cdn.discordapp.com/icons/282193077857419267/fddb3904bc5f237a5f44957b9e5bd3de.png,0,37,7,,,#ff0000,#800000
"NERF TOY'S",,637749898996875264,https://discord.gg/QqVHB2v,en,https://cdn.discordapp.com/icons/637749898996875264/7429cf60ac54a6466da17b50445589da.png,0,55,8,,,#ff0000,#800000
"New Republic Community",,685788434106810368,https://discord.gg/QTQTw76,en,,0,1,0,,,,
"Darkest Hour “Corp” - HS: Dark Nebula",,603591707669299243,https://discord.gg/QPJHCgU,en,https://cdn.discordapp.com/icons/603591707669299243/29078325ce4bfcc417013bcf0050c5f0.png,0,15,4,,,#ff0000,#800000
-=[Rockstars]=-,,667441507019653150,https://discord.gg/cBSTnw5,en,https://cdn.discordapp.com/icons/667441507019653150/69f70769b4c314f0ddf6ef667c5a4fa2.png,0,5,1,,,,
"Bey○nd",,524303703336026122,https://discord.gg/NjqU2F8,en,https://cdn.discordapp.com/icons/524303703336026122/ce848a58da5e27e3e6aae7d9f4cc8ecc.png,0,16,2,,,#ff0000,#800000
"The Wacky Club",,600232871537410069,https://discord.gg/knZXJWX,en,https://cdn.discordapp.com/icons/600232871537410069/2dcb45828c83a681da3eeae07e2860ef.png,0,84,9,,,#ff0000,#800000
"Rogue Hero's",,486383381886795786,https://discord.gg/tyZhPAy,en,https://cdn.discordapp.com/icons/486383381886795786/17248c4070f10420546cd88e063b8f84.png,0,68,12,,,#ff0000,#800000
"The Saloon",,672869622172745805,https://discord.gg/9UuFcB7,en,https://cdn.discordapp.com/icons/672869622172745805/160cf717979bc7815316f053f9911cc7.png,0,22,0,,,#ff0000,#800000
Sons,,193415371997446144,https://discord.gg/mW2rnqW,en,https://cdn.discordapp.com/icons/193415371997446144/dee2e033d6d09c4b72cdbbecdcaa8fc1.png,0,50,15,,,#ff0000,#800000
New_Andromeda_,,393517748874903553,https://discord.gg/RekT2XA,en,https://cdn.discordapp.com/icons/393517748874903553/d8fc0368cc1453e4b586d4151aefbd36.png,0,6,1,,,,
"Legacy Hades' Star",,502188959741509652,https://discord.gg/6QcZhAW,en,https://cdn.discordapp.com/icons/502188959741509652/b5cabb2c32aee50a054e51869a00b167.png,0,3,0,,,#ff0000,#800000
"The Conquerors",,543491247008907264,https://discord.gg/KGNMsQf,en,https://cdn.discordapp.com/icons/543491247008907264/a193788448e4f0c229739852973df936.png,0,5,1,,,,
Shade,,627678179108323339,https://discord.gg/YCjqdAc,en,https://cdn.discordapp.com/icons/627678179108323339/91186a829af089918d70e35c8025e5a7.png,0,5,0,,,,
"New Utopia",,605913567304089610,https://discord.gg/XFU3pVpP3K,en,https://cdn.discordapp.com/icons/605913567304089610/cd5125f34c79fe4ff2752a4693af4147.png,2,26,5,,,,
"<•HGRN•> Hades Galactic Republic Navy",,637718851127214108,https://discord.gg/G8CV3kt,en,https://cdn.discordapp.com/icons/637718851127214108/a366e3d405538876c391ea3802399bbc.png,0,6,4,,,,
"Céres Bound",,572049197394690069,https://discord.gg/b36RAPe,en,https://cdn.discordapp.com/icons/572049197394690069/c6e917d20e21748491d5d343db5fe10f.png,0,34,3,,,#ff0000,#800000
"Push The Tempo",,642009786635780096,https://discord.gg/Dr3t9Yw,en,https://cdn.discordapp.com/icons/642009786635780096/8912658a9bfc81821d7a64014127f1dc.png,0,1,0,,,,
Aeternae,,611893226869096448,https://discord.gg/7fT6uru,en,https://cdn.discordapp.com/icons/611893226869096448/9f72013febc5cd5cba808918cb6a471c.png,0,31,1,,,,
"LOTUS Inds. [Hade's Star corp]",,384859973966102528,https://discord.gg/tx6y2TE,en,,0,4,0,,,,
"Mandalorians Corp. Hades' Star",,638904931826270241,https://discord.gg/PQHQhrS,en,https://cdn.discordapp.com/icons/638904931826270241/afe2eaec2005c98fd2a904bcc0c44ecb.png,0,6,1,,,,
I.N.D.I.G.O,,635254202951532555,https://discord.gg/NzsM2QS,en,https://cdn.discordapp.com/icons/635254202951532555/be2583c363a15ae1756a364f9c78f792.png,0,21,5,,,#ff0000,#800000
"Element 119",,614361017815793694,https://discord.gg/p6b2Rr2,en,https://cdn.discordapp.com/icons/614361017815793694/25993e36f7d53deaaf8b2c365a4c035a.png,0,9,3,,,,
Hades.Roblox,,422914241905950742,https://discord.gg/9H8cXdR,en,,0,3,0,,,,
Pathfinders,,398035175511949324,https://discord.gg/y2487Kg,en,,0,7,0,,,,
"Order of the Gray",,415223924020740116,https://discord.gg/wmBGQqm,en,https://cdn.discordapp.com/icons/415223924020740116/0100f98d3037a40714b33074e2141c02.png,0,4,0,,,,
"Hades' Iron Galaxy",,614168007937359892,https://discord.gg/k9Wtc3v,en,https://cdn.discordapp.com/icons/614168007937359892/080acf031661031b9614286010573ba4.png,0,9,3,,,,
Abh,,377364587755864072,https://discord.gg/5tuPR4v,en,https://cdn.discordapp.com/icons/377364587755864072/cb765960860429dd18a6289738d02c5c.png,0,33,1,,,#ff0000,#800000
"Lucian Alliance",,594908296755019784,https://discord.gg/G9ANP9r,en,https://cdn.discordapp.com/icons/594908296755019784/ef82f0e286f2e034488d657b88896e4e.png,0,2,0,,,,
Aeternae,,611893226869096448,https://discord.gg/qEQgJqy,en,https://cdn.discordapp.com/icons/611893226869096448/9f72013febc5cd5cba808918cb6a471c.png,0,31,1,,,,
VOLUGANG,,605552657364680721,https://discord.gg/p9gBSJH,en,https://cdn.discordapp.com/icons/605552657364680721/ecac7d9c46fdd30191a7018a170dc13b.png,0,1,0,,,,
"Blackhole Base (黑洞基地)",,553248202984521750,https://discord.gg/PxHP5EP,zh-CN,https://cdn.discordapp.com/icons/553248202984521750/808fd77b46b7c0b3e3ae099017085fa8.png,0,10,0,,,,
"Soul Eater",,420687737079726083,https://discord.gg/H4dqycS,en,,0,1,0,,,,
"Astrium Reborn",,494936591559688202,https://discord.gg/2tvBA63,en,https://cdn.discordapp.com/icons/494936591559688202/14ed163e04438229d546fda818d2902e.png,0,22,2,,,#ff0000,#800000
"NERF BALLS",,468577697749270529,https://discord.gg/RGnRghq,en,https://cdn.discordapp.com/icons/468577697749270529/8ce5e3ce98527c070c176679e532f4f1.png,0,8,0,,,,
"RedStar Raiding Gazette",,595377218335670404,https://discord.gg/5gR88Jw,en,https://cdn.discordapp.com/icons/595377218335670404/7abd6f04ff8f26a4dd6c7b2b3503e6b4.png,0,10,1,,,,
STARLORDS,,477644618528325633,https://discord.gg/XqNZT7W,en,https://cdn.discordapp.com/icons/477644618528325633/08ef9712daa62f3a9580debd009e4a02.png,0,18,2,,,,
"Starmada Inc.",,461828008492269568,https://discord.gg/MgJBePr,en,https://cdn.discordapp.com/icons/461828008492269568/0b9895cc6a6cee717f2edfd379e7e982.png,0,34,3,,,#ff0000,#800000
worldwanders,,592160017881497611,https://discord.gg/nzZ9qXN,en,https://cdn.discordapp.com/icons/592160017881497611/34be7edc1cd732017de04cc5f2830da2.png,0,11,1,,,,
"Hades’ Academy",,326421390234222595,https://discord.gg/kUcE6EP,en,https://cdn.discordapp.com/icons/326421390234222595/e02418a43d87c31010208a71b5732d89.png,0,70,13,,,#ff0000,#800000
solysis,,534959775176196126,https://discord.gg/YyxuDbk,en,https://cdn.discordapp.com/icons/534959775176196126/bd8e680bede98c170c16d52edef9dbd1.png,0,31,4,,,#ff0000,#800000
"Ancient Legion",,578933768077705248,https://discord.gg/v8dWKNd,en,https://cdn.discordapp.com/icons/578933768077705248/4c11e87210c69105dbce9e4cef38cc0c.png,0,1,0,,,,
"Interstellar Manufacturing Corporation",,601349654311075841,https://discord.gg/3vnt3jy,en,https://cdn.discordapp.com/icons/601349654311075841/f7d2669363ee1fa29aacb4e8f465e3a3.png,0,2,1,,,,
bacon,,465696155141931008,https://discord.gg/jVuAMee,en,https://cdn.discordapp.com/icons/465696155141931008/1c956dc3590542695200c7b579ef936d.png,0,9,0,,,,
"PSI Division",,597688553085861909,https://discord.gg/EdNWKeN,en,https://cdn.discordapp.com/icons/597688553085861909/78d9e23a9d9ca65bfb8486f2710ce7f3.png,0,1,0,,,,
Trekwarsfly,,397793263886794762,https://discord.gg/YSsWGDU,en,https://cdn.discordapp.com/icons/397793263886794762/6cd7a3430b78b514b71b96b46e9bd6bd.png,0,23,3,,,#ff0000,#800000
"USGN CORPS.",,464104189610557450,https://discord.gg/vwByCwt,en,,0,4,0,,,,
Core,,473425866458923008,https://discord.gg/GkRPntn,en,,0,14,0,,,,
SBcorp,,505607462876086273,https://discord.gg/m4uqNak,en,https://cdn.discordapp.com/icons/505607462876086273/694148687c243495e8ffb04419b554b9.png,0,6,2,,,,
Serenity,,532310861713375252,https://discord.gg/PSryd83,en,https://cdn.discordapp.com/icons/532310861713375252/1c721db768c7e87dd215353f67fd4194.png,0,75,5,,,#ff0000,#800000
"Lost Frontier",,510842039789682688,https://discord.gg/GxvzkAd,en,https://cdn.discordapp.com/icons/510842039789682688/bee37a03aa698a1f4e0f83fe1e4496b1.png,0,6,1,,,,
PANDAMONIUM,,531607914230710277,https://discord.gg/Qxp8EpU,en,https://cdn.discordapp.com/icons/531607914230710277/e34002efaf67577f459a9f209892a80f.png,0,10,5,,,,
"Code Raiders",,484041015796170763,https://discord.gg/sabQawj,en,https://cdn.discordapp.com/icons/484041015796170763/0471bdaec8f42a73f5cefb36bf6f2634.png,0,35,6,,,,
"Error 403",,468495946330931206,https://discord.gg/TB8ZAMk,en,https://cdn.discordapp.com/icons/468495946330931206/34a62293eda8637ee1994b0b5f95d941.png,0,22,4,,,,
NACS,,579647101886005259,https://discord.gg/E2FBn8v,en,,0,5,0,,,,
Endeavor,,414270336021037058,https://discord.gg/2X69AzK,en,https://cdn.discordapp.com/icons/414270336021037058/520187830e516c94139588d835b114e4.png,0,20,2,,,#ff0000,#800000
"IG Empire",,465389017106743297,https://discord.gg/AJytu89,en,https://cdn.discordapp.com/icons/465389017106743297/56bddbc94a5aee7b0b159476f5c53596.png,0,12,1,,,,
"Blue Winds",,587698827230838804,https://discord.gg/MNc4DgR,en,https://cdn.discordapp.com/icons/587698827230838804/f4d9d09955ec09950a50b07bf552b683.png,0,11,1,,,,
"Death Star",,416630735999467549,https://discord.gg/Q2NxSrc,en,https://cdn.discordapp.com/icons/416630735999467549/a12f507be11d7c01e75a8ba841a534e6.png,0,17,0,,,#ff0000,#800000
"Space Marines",,446512545826734098,https://discord.gg/YYckyzD,en,https://cdn.discordapp.com/icons/446512545826734098/d9d3c2152f016c7853cb72141064a828.png,0,4,0,,,,
"Hades Star TGY Inc.",,549266058700259338,https://discord.gg/JuKb8vr,en,https://cdn.discordapp.com/icons/549266058700259338/6f1b3b3357ee1c0ffec33f01c95c7146.png,0,50,7,,,#ff0000,#800000
"Dark Division",,441619655942209536,https://discord.gg/9GqtVJa,en,,0,12,0,,,,
NETHERWORLD,,425028840880865280,https://discord.gg/mfAj2Ee,en,https://cdn.discordapp.com/icons/425028840880865280/1420ecfbe43dceb0030fb96628158100.png,0,4,0,,,,
"The Picard Empire",,497338841431146506,https://discord.gg/6m7h2rY,en,https://cdn.discordapp.com/icons/497338841431146506/5f6900b5cfeac9d93d69d12d1f4ba970.png,0,22,2,,,#ff0000,#800000
VeridianDynamix,,428991345072275466,https://discord.gg/T3YEwJp,en,,0,7,0,,,,
Avengers-Hades,,534191837238263820,https://discord.gg/GDg4P86,en,https://cdn.discordapp.com/icons/534191837238263820/0e25bf269f4032d011fb4430e3f23e97.png,0,29,2,,,#ff0000,#800000
"Polaris Corporation - Hades Star",,401850596769923073,https://discord.gg/S6fvaKp,en,https://cdn.discordapp.com/icons/401850596769923073/7353197b9841b77700df368ae44a5e45.png,0,35,0,,,#ff0000,#800000
Tacitus,,420449596674670602,https://discord.gg/zwZUJ4b,en,https://cdn.discordapp.com/icons/420449596674670602/d7b8cdcb16852b87ff7aa3e3e991b01e.png,0,35,7,,,#ff0000,#800000
"Cloaked Truth",,390281594402766848,https://discord.gg/4VAwXAZ,en,https://cdn.discordapp.com/icons/390281594402766848/0094bf611fa6a17dd612594f43d5e3c4.png,0,15,1,,,,
"Taco Corp - Hades' Star",,358987108590944257,https://discord.gg/HkQEQzb,en,https://cdn.discordapp.com/icons/358987108590944257/4f5a56120d7488c5eddf1f96444c1212.png,0,21,2,,,,
"Hades Phoenix",,446357464267358219,https://discord.gg/cMp7C9S,en,https://cdn.discordapp.com/icons/446357464267358219/14f67ddcc0c9b427213f53226cad5603.png,0,13,0,,,,
novacaine,,532854143354929162,https://discord.gg/VuGBWMQ,en,https://cdn.discordapp.com/icons/532854143354929162/a6d0d9d55b75487c317a7edb6b0046e1.png,0,11,1,,,,
"Time Lords",,378000011549736960,https://discord.gg/P898Nqk,en,https://cdn.discordapp.com/icons/378000011549736960/d37d20d4c0b82ec60668f086fc966c1d.png,0,24,0,,,,
"Åsτяф VΞnατфяеs",,421114108218179594,https://discord.gg/vFY8qpZ,en,https://cdn.discordapp.com/icons/421114108218179594/f7b4df488d6b53ad24ce1dcb1a2e7fb8.png,0,24,2,,,,
SinSoRed,,421698967726981140,https://discord.gg/yqC2JgE,en,https://cdn.discordapp.com/icons/421698967726981140/3d9e9c7f87519485b2ff873cd46dbe96.png,0,32,2,,,#ff0000,#800000
SOTF-H,,390241372126445568,https://discord.gg/wzjnaQb,en,https://cdn.discordapp.com/icons/390241372126445568/ef3a300b56078cc1fea688f0a66a371a.png,0,15,1,,,#ff0000,#800000
"Assimilated Federation",,285929724587540480,https://discord.gg/dS4GAe6,en,https://cdn.discordapp.com/icons/285929724587540480/a028dcabfeb0447129916f3416146ef5.png,0,41,5,,,#ff0000,#800000
"Planet Hoppers",,541493656318640138,https://discord.gg/fxMFKu2,en,https://cdn.discordapp.com/icons/541493656318640138/7d3e06fb861739364f8a595f3ede4e70.png,0,2,0,,,,
"Diplomats Union",,416444684056133632,https://discord.gg/vztZu3n,en,https://cdn.discordapp.com/icons/416444684056133632/2742e713a9f06dc591fde5dc49411854.png,0,58,9,,,#ff0000,#800000
SkyTeam,,450969795995631626,https://discord.gg/bzzDebJ,en,https://cdn.discordapp.com/icons/450969795995631626/594e18a5c102e991142e5ca803d04b8f.png,0,5,0,,,,
"BuckOff Corporation",,424629473510555649,https://discord.gg/Y5Ss4TX,en,https://cdn.discordapp.com/icons/424629473510555649/a8411f4e2857ea33a7ca0d2c0fdec2dc.png,0,23,5,,,#ff0000,#800000
"The Culture",,413587447574691840,https://discord.gg/EeWDKCE,en,https://cdn.discordapp.com/icons/413587447574691840/62d76428118c51e54dacfb3963e4d234.png,0,34,5,,,#ff0000,#800000
"Fomorians Éire",,584138246863323155,https://discord.gg/fnY3sCF,en,https://cdn.discordapp.com/icons/584138246863323155/30b3299628657e4c5a2b38dd7b312800.png,0,12,3,,,#ff0000,#800000
STARLORDS,,477644618528325633,https://discord.gg/6DpmQht,en,https://cdn.discordapp.com/icons/477644618528325633/08ef9712daa62f3a9580debd009e4a02.png,0,18,2,,,,
"Green Tongue Lounge",,368607911947272212,https://discord.gg/yvEd4DW,en,https://cdn.discordapp.com/icons/368607911947272212/1daa0acaa0456e055508ce30433ef17e.png,0,15,6,,,,
"Rabid Butterfly",,386921751294115842,https://discord.gg/MEwenRX,en,https://cdn.discordapp.com/icons/386921751294115842/b46194c588569e4e9b893ff6bd09d596.png,0,49,2,,,#ff0000,#800000
"Not Elite",,417381451265474570,https://discord.gg/4gszQqy,en,https://cdn.discordapp.com/icons/417381451265474570/8d7141aa11931bb6b64240b0bacd70f4.png,0,11,1,,,,
"Capsule Corp",,414717303503060992,https://discord.gg/zDGcYgQ,en,https://cdn.discordapp.com/icons/414717303503060992/2a5adda5a642f133f1236a67e03bb66f.png,0,24,2,,,,
"Widow Makers",,536589185692467210,https://discord.gg/CDgQD22,en,https://cdn.discordapp.com/icons/536589185692467210/8547cabb70370be471530aafd5e288d1.png,0,67,6,,,#ff0000,#800000
"Starmada Inc.",,461828008492269568,https://discord.gg/AVvc87Y,en,https://cdn.discordapp.com/icons/461828008492269568/0b9895cc6a6cee717f2edfd379e7e982.png,0,34,3,,,#ff0000,#800000
"Solace - Hades Star",,412930633984245762,https://discord.gg/fyFNKDn,en,https://cdn.discordapp.com/icons/412930633984245762/fc99be5ae2d72c704d5557bb1fc11e1d.png,0,17,1,,,#ff0000,#800000
"CDG - Hades Star",,356909019824259092,https://discord.gg/T3V2rK8,en,https://cdn.discordapp.com/icons/356909019824259092/06a1a91db856d025ec816c9bab5e7cf1.png,0,57,2,,,#ff0000,#800000
"Team Elite",,424499214144241665,https://discord.gg/e9XJuQp,en,https://cdn.discordapp.com/icons/424499214144241665/96b6d3227031745f50a60af452e47396.png,0,48,4,,,#ff0000,#800000
"Astra Ultima",,540294289121345537,https://discord.gg/EqgErSc,en,https://cdn.discordapp.com/icons/540294289121345537/b36b717887c598045c3f2f0083558eb9.png,0,127,15,,,#ff0000,#800000
"The Deviant Corporation",,417774621799219206,https://discord.gg/eMTDerv,en,https://cdn.discordapp.com/icons/417774621799219206/7c96f83cad919ac72c6e65f08b59e3a1.png,0,6,1,,,,
"Atlas Corporation",,462031949066928148,https://discord.gg/ZzA2KN6,en,https://cdn.discordapp.com/icons/462031949066928148/32f7b3a33e51ad6d0066f54c4f5b77ee.png,0,17,3,,,#ff0000,#800000
X.R.S,,429546895195635713,https://discord.gg/YxN6gQA,en,https://cdn.discordapp.com/icons/429546895195635713/d8f9df6c478d72095ed7b4e8b7354b64.png,0,29,4,,,#ff0000,#800000
"The Guardians",,465681707836768256,https://discord.gg/ZQdUNhR,en,https://cdn.discordapp.com/icons/465681707836768256/3acbf09514f43cd07de55281ebd0dfd1.png,0,28,2,,,#ff0000,#800000
"Low Voltage",,506862087536902194,https://discord.gg/XPP4Kdz,en,https://cdn.discordapp.com/icons/506862087536902194/28495d52841416fcc7cec4f22a4ed7f4.png,0,9,2,,,#ff0000,#800000
"Order of the Gray",,415223924020740116,https://discord.gg/2KYqRCN,en,https://cdn.discordapp.com/icons/415223924020740116/0100f98d3037a40714b33074e2141c02.png,0,4,0,,,,
"The Warlords",,382750039258169345,https://discord.gg/NpYDxP9,en,https://cdn.discordapp.com/icons/382750039258169345/5bc104e1d3c4ffb167161b0bfcdaa95c.png,0,7,0,,,,
"Just Because",,474732016957521920,https://discord.gg/z6BhNwM,en,https://cdn.discordapp.com/icons/474732016957521920/0f270f0aacddf30f194f379baff66212.png,0,16,1,,,,
"The Multiverse",,364824112570433556,https://discord.gg/nfQHRP6,en,https://cdn.discordapp.com/icons/364824112570433556/15a751f0c9b583cc538d0645e0fb099a.png,0,23,5,,,#ff0000,#800000
"Star Destroyers",,575762091143725056,https://discord.gg/99637nQ,en,https://cdn.discordapp.com/icons/575762091143725056/96a1cb212fb7ac243f22fce663117545.png,0,31,0,,,#ff0000,#800000
Petronus7,,538932469215526913,https://discord.gg/PdWXWsU,en,,0,4,1,,,,
"SGC Alpha",,539537637145444353,https://discord.gg/zQ3rZr6,en,https://cdn.discordapp.com/icons/539537637145444353/0f588fab5f4fc960add1e1dfa3995429.png,0,9,1,,,,
"Space Morons",,352795358226546688,https://discord.gg/5jNY2hT,en,https://cdn.discordapp.com/icons/352795358226546688/49f148883def3438fa0fd7bf648133aa.png,0,14,0,,,,
"Lost Legion Beta commaned",,508089095004618764,https://discord.gg/kwsWtje,en,https://cdn.discordapp.com/icons/508089095004618764/59c5c4796cb0b5ec70a9099605e643cb.png,0,5,0,,,,
"Hades Star Space Pirates",,443873706981195776,https://discord.gg/npPhjP4,en,https://cdn.discordapp.com/icons/443873706981195776/10e183a9727510eb4ce26be86ec1b659.png,0,19,2,,,#ff0000,#800000
"Lost Souls Of Hades",,403985498735116288,https://discord.gg/YRuSr4N,en,https://cdn.discordapp.com/icons/403985498735116288/51207fcbf19337c022bb40ec9c543015.png,0,21,5,,,#ff0000,#800000
"Andromeda Inc.",,381570085262852106,https://discord.gg/qjxdx4Z,en,https://cdn.discordapp.com/icons/381570085262852106/75bb38c89b2b01a4a2a199dc16392c5c.png,0,11,1,,,#ff0000,#800000
Gulinga,,457548517947342848,https://discord.gg/pQVwk7J,en,https://cdn.discordapp.com/icons/457548517947342848/fba783fd7d28b196f6ec51cb3d03f6e5.png,0,30,7,,,#ff0000,#800000
InfamousExiles,,416310915424714762,https://discord.gg/EhjUGXM,en,https://cdn.discordapp.com/icons/416310915424714762/bf6a0f8043baeb33d629a7b4e7acd8bb.png,0,58,7,,,#ff0000,#800000
"SyN City",,473844456932507658,https://discord.gg/mmUnEav,en,https://cdn.discordapp.com/icons/473844456932507658/3868dfe6a4a3530b690b04ef08e1df57.png,0,226,16,,,#ff0000,#800000
"System Shock",,300996168874328074,https://discord.gg/pxx2pPY,en,https://cdn.discordapp.com/icons/300996168874328074/3502bd2323416981a41c31fdbbef53ec.png,0,34,1,,,,
"Pardus Inc.",,991764133529800744,https://discord.gg/8rBgXvbbdE,de,https://cdn.discordapp.com/icons/991764133529800744/c0c1c8b94842f2706d24433e45ad968f.png,0,4,0,,,#ff0000,#800000
"Hades Star - Dreckiger Rest",,951186031074508860,https://discord.gg/ftuA2DGDR4,de,https://cdn.discordapp.com/icons/951186031074508860/72ae285f7413f40867a50e78dedc92f9.png,0,35,3,,,#ff0000,#800000
"Monster AG / Monster Uni",,454668934814105610,https://discord.gg/bJH5xq64Kt,de,https://cdn.discordapp.com/icons/454668934814105610/05e001d77c6211a27d99d5184b904164.png,0,73,7,,,#ff0000,#800000
"Server von ""Kaffeekränzchen """,,696792185282101370,https://discord.gg/mVEaHBj,de,https://cdn.discordapp.com/icons/696792185282101370/e1c092dad5c71477f98bd765243a5c89.png,0,4,2,,,#ff0000,#800000
"Isle of Hope",,787587960135614475,https://discord.gg/Dk4hSAACzX,de,https://cdn.discordapp.com/icons/787587960135614475/d8be6af022b0962dd3b2d4b6af214a11.png,0,7,0,,,#ff0000,#800000
@#@,,497833224022523914,https://discord.gg/usxCxwq,de,https://cdn.discordapp.com/icons/497833224022523914/bdd16f50f71230e9b8ef2b33be4aef2e.png,0,15,2,,,#ff0000,#800000
"Das Piratenschiff",,714901268962869299,https://discord.gg/rxT3svq,de,https://cdn.discordapp.com/icons/714901268962869299/638090dce25ae15018e7663ac4d8b925.png,0,4,1,,,#ff0000,#800000
Schwermetall,,656119581949034506,https://discord.gg/6d3Hgdu,de,https://cdn.discordapp.com/icons/656119581949034506/b9f3a5d9551d879729ea807f9a560ad6.png,0,10,1,,,#ff0000,#800000
Todesschwadron,,547413268311048192,https://discord.gg/nUqqHtK,de,https://cdn.discordapp.com/icons/547413268311048192/dd41e0dc71c56fde73184b8889626f15.png,0,6,0,,,,
Q-Corp,,748165757661085706,https://discord.gg/WgSYCGd,de,https://cdn.discordapp.com/icons/748165757661085706/bf43a7b774ac467bcd5afa6b9e30f3fd.png,0,2,0,,,,
"Galaktische Verwaltung",,709733385702211644,https://discord.gg/SC3ARQn,de,https://cdn.discordapp.com/icons/709733385702211644/ccc142e1cbc42691933394e8cc77d53f.png,0,8,3,,,,
Mondluftschiff,,709041847015833662,https://discord.gg/UXfh4Cb,de,https://cdn.discordapp.com/icons/709041847015833662/f38b47603249f93e73d21af15a105b0c.png,0,6,0,,,,
CAP,,676459742373085185,https://discord.gg/Uz3YFZD,de,https://cdn.discordapp.com/icons/676459742373085185/5ecd7366ad241c925abcf8ddf29dbd5a.png,0,12,3,,,#ff0000,#800000
"4 ever HWI",,452555185051533312,https://discord.gg/MMb35sH,de,https://cdn.discordapp.com/icons/452555185051533312/96b6c85c0db3f637261de7fe7763c1f5.png,0,7,0,,,,
Sternenwanderer,,637386356208959513,https://discord.gg/xh4xvvv,de,https://cdn.discordapp.com/icons/637386356208959513/20c860aec7dbfa51b074e705c425f8cd.png,0,11,1,,,#ff0000,#800000
GCC,,464121040457695244,https://discord.gg/9UM329Q,de,https://cdn.discordapp.com/icons/464121040457695244/ada89834468527a4e961a591179c7525.png,0,19,4,,,,
"Scrin Chat Allgemein",,583375840146882634,https://discord.gg/gjWaKTs,de,https://cdn.discordapp.com/icons/583375840146882634/5351c3e04a47c32d9b0cc934772823b8.png,0,5,1,,,#ff0000,#800000
"United Suns",,634011317497495554,https://discord.gg/TRJrx8r,de,https://cdn.discordapp.com/icons/634011317497495554/0ea78afc96743b30522909149854e478.png,0,23,5,,,#ff0000,#800000
"Enigma Hades’ Star",,634777597561274378,https://discord.gg/4rw6Hav,de,https://cdn.discordapp.com/icons/634777597561274378/df3185ed12d24d1ae095adcf9abf0e08.png,0,20,2,,,,
"Shizo Mel Youtube",,388804783940698112,https://discord.gg/rkY8HnE,de,https://cdn.discordapp.com/icons/388804783940698112/bc20ed685469fbac2573adb1a9d1fd3f.png,0,5,1,,,,
Auenland,,618091808471253002,https://discord.gg/bw672nm,de,https://cdn.discordapp.com/icons/618091808471253002/e3586ee17a56a292dce3b983a8295a42.png,0,9,2,,,#ff0000,#800000
GermanSpaceUno.,,593203425890664471,https://discord.gg/qvdVHnD,de,https://cdn.discordapp.com/icons/593203425890664471/911666b74ad8009b57e4d3fa668c5f0c.png,0,8,0,,,#ff0000,#800000
"Star Dust",,431954644630110208,https://discord.gg/WKdC8XW,de,https://cdn.discordapp.com/icons/431954644630110208/cfb7fecf46acaff7741b74c47304a8b3.png,0,13,2,,,#ff0000,#800000
"Tau Alpha",,525324037627445258,https://discord.gg/Z9tCDfw,de,https://cdn.discordapp.com/icons/525324037627445258/6db8e96b142457a33fd2ccf0d6ed72b6.png,0,6,0,,,,
"Bund von Lykon",,594810815664750612,https://discord.gg/FaJk6jp,de,https://cdn.discordapp.com/icons/594810815664750612/732961f418d6c2edd24cf012115cbb5e.png,0,7,0,,,,
"Planet Express",,485173227291803648,https://discord.gg/AXSvJpa,de,https://cdn.discordapp.com/icons/485173227291803648/e0b000b3ac90884f4b58b594e888412e.png,0,2,0,,,,
"--- Pulsar ---",,583639854810791951,https://discord.gg/JJPjxrm,de,https://cdn.discordapp.com/icons/583639854810791951/5ce9a78d73ae308f57e5bc6867572238.png,0,15,2,,,#ff0000,#800000
"Avalanche 2.0",,534418873181798402,https://discord.gg/xpn9qn4,de,https://cdn.discordapp.com/icons/534418873181798402/674c3ee23634ae7e51cb1889699e7f11.png,0,26,3,,,#ff0000,#800000
Sammler,,531062291962265600,https://discord.gg/DkR3QgX,de,https://cdn.discordapp.com/icons/531062291962265600/d8bb39f12db0d3345320c540ac1d50f3.png,0,6,0,,,,
"Nova-Tec Assoc. [NTEC]",,289073388234866688,https://discord.gg/tgGYDYq,de,https://cdn.discordapp.com/icons/289073388234866688/a3a2ac706c6848f46d459ef20bd54b49.png,0,21,4,,,#ff0000,#800000
"Explorers 2.0",,513839436912656385,https://discord.gg/P4NmNDE,de,https://cdn.discordapp.com/icons/513839436912656385/5b5eacab3fb42898f3ec4303653f44dd.png,0,14,2,,,#ff0000,#800000
Toxic,,538833213276291075,https://discord.gg/uWrmzHh,de,https://cdn.discordapp.com/icons/538833213276291075/6bf783542f9c9c028137ae00525470be.png,0,3,0,,,,
Terranova,,536197171540787215,https://discord.gg/qEE66dk,de,https://cdn.discordapp.com/icons/536197171540787215/7f4b9d68a1a2159ebfbc4c11a87d8e2e.png,0,11,5,,,#ff0000,#800000
DHL,,348221247001329674,https://discord.gg/buqMdd2,de,https://cdn.discordapp.com/icons/348221247001329674/0785b65df417e60db581ffd53bb89d6f.png,0,17,3,,,,
HadesStar-PlanetExpress,,502396664623923202,https://discord.gg/Ewqpqd4,de,https://cdn.discordapp.com/icons/502396664623923202/743736a55737dc2cb376cdc4eae7fab7.png,0,19,2,,,#ff0000,#800000
D-Elite,,401544447151570955,https://discord.gg/22hbz3f,de,https://cdn.discordapp.com/icons/401544447151570955/9f77b76d384c5bd8e471adf0ec6eea07.png,0,8,0,,,,
"Quadra FR [Hades' Star]",,1007035958878806167,https://discord.gg/vs3fGvzkap,fr,https://cdn.discordapp.com/icons/1007035958878806167/e88c20bfca393b33154bfeaf98004dbc.png,0,28,3,,,#ff0000,#800000
Darkness,,879004811369017406,https://discord.gg/9XPJhpSPY6,fr,https://cdn.discordapp.com/icons/879004811369017406/71646218fa280093e5b7f7efbcd9d44d.png,0,14,3,,,,
SpacesBastards,,700612317267886131,https://discord.gg/jZnEn3peRq,fr,https://cdn.discordapp.com/icons/700612317267886131/b1972d263679a299245171da932b2d1e.png,0,6,3,,,,
"CSI - Les Conquérants Stellaires Incorruptibles",,780810891695751238,https://discord.gg/FPegkV4GDJ,fr,https://cdn.discordapp.com/icons/780810891695751238/0160618c644a829ac7683b402726ab0b.png,0,24,4,,,#ff0000,#800000
"Taverne des Trolls",,695688808083095634,https://discord.gg/fpWZq4J,fr,https://cdn.discordapp.com/icons/695688808083095634/289ecbe61ffeef1e7252e4e37d358f2c.png,0,5,1,,,,
"Galaxian / SpaceInVaders",,923321841643298906,https://discord.gg/rUmWxJR8HH,fr,https://cdn.discordapp.com/icons/923321841643298906/1b923fb541894e5e3e2d7df723e92a4b.png,0,21,4,,,#ff0000,#800000
"Fédération",,718998083467345955,https://discord.gg/HTezGFD,fr,https://cdn.discordapp.com/icons/718998083467345955/464991e6e457127f27f27534c5a691d7.png,0,2,1,,,,
"Drużyna B",,846104113838424125,https://discord.gg/Cb724wEtvN,,https://cdn.discordapp.com/icons/846104113838424125/46dba10bf26a6004267ec774938a8857.png,0,20,1,,,#ff0000,#800000
"Space Legends",,504187153346199563,https://discord.gg/63DZYSc,,https://cdn.discordapp.com/icons/504187153346199563/c1fd7977b1209268f0f533d0fffc9315.png,0,54,4,,,#ff0000,#800000
"Hades Star Morocco",,772653823688441875,https://discord.gg/6p8SdUfpHF,,https://cdn.discordapp.com/icons/772653823688441875/f5dbd36a5610531eafc2e5a6530717d8.png,0,4,1,,,,
"FEDERAZIONE BIGITALY[ITA] GALASSIA ITALIA E 7 NANI",,400753197385252865,https://discord.gg/xysz7dffMf,,https://cdn.discordapp.com/icons/400753197385252865/51d5b2bc7ad04dcc85a937a5c0218e75.png,0,27,4,,,#ff0000,#800000
"Morning Star",,393818880394657793,https://discord.gg/j4XWYKg,,,0,1,0,,,,
RomaniaHS,,515868889360629790,https://discord.gg/gWTff43,,https://cdn.discordapp.com/icons/515868889360629790/2cafa5bf54d1f3dd70f9c50c91a948c7.png,0,11,0,,,#ff0000,#800000
KHARON,,524914327338090496,https://discord.gg/VMRkMkm,,https://cdn.discordapp.com/icons/524914327338090496/48922241a7250fd86202ffbbace96f1d.png,0,25,4,,,#ff0000,#800000
"Хохльі (HS)",,673860956698443806,https://discord.gg/gzXP4ah,,https://cdn.discordapp.com/icons/673860956698443806/295c4713044490c44849d07dde7466f3.png,0,26,7,,,#ff0000,#800000
Kazaki,,541702635359698945,https://discord.gg/bTzpXnc,,https://cdn.discordapp.com/icons/541702635359698945/8879efa182aaba8dfac09185c4dff35b.png,0,5,0,,,,
UAGC,,536171855464235039,https://discord.gg/sq9B5pD,,https://cdn.discordapp.com/icons/536171855464235039/d1680771c43b79eec1ebbdaadc6016f2.png,0,29,3,,,#ff0000,#800000
Agartha,,706802309472190494,https://discord.gg/H26AUcc,,https://cdn.discordapp.com/icons/706802309472190494/e5b39225ee9799fe9b5ff38639fcee16.png,0,8,5,,,,
"LIETUVA Hades",,441675864678203403,https://discord.gg/fYHwwbE,,https://cdn.discordapp.com/icons/441675864678203403/74ef00e829e9b0e97f4effe7b5dd28f7.png,0,17,5,,,#ff0000,#800000
"Svet hráčov Cz/Sk",,480766558495309834,https://discord.gg/6SbSvHJ,,https://cdn.discordapp.com/icons/480766558495309834/c48d73136665457bc7e0eaf1f47bd938.png,0,7,1,,,,
"Lietuva in hades",,416520505059704842,https://discord.gg/wM882Nq,,,0,4,0,,,,
"LUPII Corp Hades Star",,371773880638898187,https://discord.gg/bywxsHA,,https://cdn.discordapp.com/icons/371773880638898187/55f6f03e3644b39264b00481e1ce586a.png,0,9,0,,,#ff0000,#800000
"Farming Inc.",,536946514023677953,https://discord.gg/JtxDnaj,,https://cdn.discordapp.com/icons/536946514023677953/feea443ca3b5fa2f0c57486d5c7c537a.png,0,6,1,,,,
"Nave De Ouro (Golden Ship) (Hades’ Star)",,871319978035511338,https://discord.gg/bdUZ8VpkpU,pt,https://cdn.discordapp.com/icons/871319978035511338/899f45963e49dc54fc03ba02f0cc0f52.png,0,3,0,,,,
"Flight and War",,682768338778193934,https://discord.gg/EPhXsXQ,pt,https://cdn.discordapp.com/icons/682768338778193934/b439b20a35cb8821c478222285e23626.png,0,5,0,,,,
"Hades’ Star Brencestorm [1]",,794340101399248927,https://discord.gg/5acGvbmaJh,pt,https://cdn.discordapp.com/icons/794340101399248927/d3d2b6c9aecb10a1a2a6df53759fae19.png,0,11,8,,,#ff0000,#800000
"HADE'S BR",,573133093292998657,https://discord.gg/ugPKxgT,pt,https://cdn.discordapp.com/icons/573133093292998657/dc96e2b4881af21766e1faf6edb10baa.png,0,9,2,,,,
"ALIANÇA LUSO - WS",,680564956357460000,https://discord.gg/q6D2eyp,pt,https://cdn.discordapp.com/icons/680564956357460000/5c4a269c95337c126ff96f587694407a.png,0,108,10,,,#ff0000,#800000
"Silver Sky",,585096591283847188,https://discord.gg/4GGw4cD,pt,https://cdn.discordapp.com/icons/585096591283847188/62264a50dfea290e8b59f927dcf7332a.png,0,5,1,,,,
"BRhue Hades' Star",,495609951423561749,https://discord.gg/J8KjJaj,pt,https://cdn.discordapp.com/icons/495609951423561749/b9ff66c4bcc00ab68aa2729fb2caa107.png,0,19,1,,,#ff0000,#800000
"Hades' Star PL",,396297340757213184,https://discord.gg/StR4qyM,pl,https://cdn.discordapp.com/icons/396297340757213184/a0ca1f843bd01c5a1b4dad20da5eb65b.png,0,62,3,,,#ff0000,#800000
PL_BlackHole,,457326376568225822,https://discord.gg/BkqfvCx,pl,https://cdn.discordapp.com/icons/457326376568225822/546fb516249da9426b615e662851dff0.png,0,12,2,,,,
"Sekcja X",,438671323716255745,https://discord.gg/Sqz5YWW,pl,https://cdn.discordapp.com/icons/438671323716255745/1ede998c31c3c84ace68875fede56eb9.png,0,2,0,,,,
Death_Fish,,397060104005877770,https://discord.gg/mAQbJY9,pl,https://cdn.discordapp.com/icons/397060104005877770/d42f6fdeff726152336cfbab4cc765c3.png,0,12,2,,,#ff0000,#800000
"AlyTec Sys. (H.D.O)",,1260331969108119602,https://discord.gg/8w72hqsAAb,en,https://cdn.discordapp.com/icons/1260331969108119602/0123ac9a95879419c2be443684a58330.png,0,4,1,,,#ff0000,#800000
"TECH Fleet Forces",,1040549159649951754,https://discord.gg/TayfuucWnS,en,https://cdn.discordapp.com/icons/1040549159649951754/268f4a4cda44c387352c48c052b6769c.png,0,37,5,,,#ff0000,#800000
Glashan,,989998869200924692,https://discord.gg/Md9TAQJQTp,en,https://cdn.discordapp.com/icons/989998869200924692/640b58022bb60077ad780ad1408e262b.png,0,15,1,,,#ff0000,#800000
"Poggy Rockers",,1192237235622391809,https://discord.gg/XmASs2XvFW,en,https://cdn.discordapp.com/icons/1192237235622391809/79f3b53fa7138dee57d86617a010bb67.png,0,16,4,,,#ff0000,#800000
Penumbra/Trogdor`s,,1114379493574983731,https://discord.gg/DpavCfx8XJ,en,https://cdn.discordapp.com/icons/1114379493574983731/66a82d7942db49034f1699d7b7795976.png,0,33,11,,,#ff0000,#800000
"King's Guard",,1202793077236961311,https://discord.gg/XQ4BnnSKvC,en,https://cdn.discordapp.com/icons/1202793077236961311/4ceecc3adf0ba4dc13b5d51773ab72c9.png,0,12,2,,,#ff0000,#800000
"Hades Star  R2D2",,957700984807784469,https://discord.gg/UPTTtGQpTj,de,https://cdn.discordapp.com/icons/957700984807784469/cea9abde9533d47f51ca959083ca8ece.png,0,20,1,,,#ff0000,#800000
"Т Е Н Ь",,1185181366464290909,https://discord.gg/BzbFDrhy3x,ru,https://cdn.discordapp.com/icons/1185181366464290909/729019c04ad410f8d055fa64192077e2.png,0,17,4,,,#ff0000,#800000
"Jay's Imperium",,749946631213940736,https://discord.gg/uGvHyGs3RZ,en,https://cdn.discordapp.com/icons/749946631213940736/5996ae32dec1a1920683f69877ba7b68.png,0,28,11,,,#ff0000,#800000
"Prometheus ESP",,1221801370407931966,https://discord.gg/rvVvpBuEb6,en,https://cdn.discordapp.com/icons/1221801370407931966/ad21cbaff3423a29d91bbcb311daafc8.png,0,12,0,,,#ff0000,#800000
